Gene1,Gene2
Arntl,Arntl
Arntl,Gm17597
Arntl,Lmbr1l
Arntl,Tor1aip2
Brd4,1110019D14Rik
Brd4,1110032A03Rik
Brd4,1700056E22Rik
Brd4,1700095J07Rik
Brd4,1700096K18Rik
Brd4,1810044D09Rik
Brd4,1810062G17Rik
Brd4,2510009E07Rik
Brd4,2810433D01Rik
Brd4,4430402I18Rik
Brd4,4732491K20Rik
Brd4,4833418N02Rik
Brd4,4930558K02Rik
Brd4,4930578M01Rik
Brd4,4933433G15Rik
Brd4,5430416N02Rik
Brd4,A530013C23Rik
Brd4,A830005F24Rik
Brd4,Abhd11
Brd4,Acsl4
Brd4,Adam12
Brd4,Adam23
Brd4,Agtrap
Brd4,Alcam
Brd4,Ank
Brd4,Ank2
Brd4,Ank3
Brd4,Anln
Brd4,Aph1a
Brd4,Arrdc3
Brd4,Atad2
Brd4,Atp5h
Brd4,Bbs10
Brd4,Bcdin3d
Brd4,Bcl10
Brd4,Bdnf
Brd4,C1s1
Brd4,Car7
Brd4,Casp4
Brd4,Ccbe1
Brd4,Ccdc122
Brd4,Ccdc136
Brd4,Ccdc71
Brd4,Cdc42ep4
Brd4,Cdk8
Brd4,Cdkl3
Brd4,Chchd5
Brd4,Chid1
Brd4,Chka
Brd4,Chpf2
Brd4,Clasrp
Brd4,Clock
Brd4,Cltc
Brd4,Cmtr1
Brd4,Coa4
Brd4,Col4a5
Brd4,Col6a3
Brd4,Colec12
Brd4,Cp
Brd4,Cped1
Brd4,Cpt2
Brd4,Crim1
Brd4,Csf1
Brd4,Csgalnact1
Brd4,Cstf1
Brd4,Cyp51
Brd4,D930032P07Rik
Brd4,Dand5
Brd4,Dapk3
Brd4,Dcakd
Brd4,Dclk1
Brd4,Def6
Brd4,Dhrs13
Brd4,Dpp9
Brd4,Dync2li1
Brd4,Edil3
Brd4,Efemp1
Brd4,Elk4
Brd4,Emp1
Brd4,Endov
Brd4,Ermard
Brd4,Fbxo6
Brd4,Fgfr1
Brd4,Ficd
Brd4,Foxred1
Brd4,Galnt18
Brd4,Gdpd5
Brd4,Gle1
Brd4,Gli2
Brd4,Gm10778
Brd4,Gm1720
Brd4,Gm17597
Brd4,Gm26721
Brd4,Gm29642
Brd4,Gng11
Brd4,Grem2
Brd4,Grik2
Brd4,Hdac1
Brd4,Hdac2
Brd4,Hint3
Brd4,Hmox1
Brd4,Hsp90b1
Brd4,Hspa5
Brd4,Htra2
Brd4,Ifi30
Brd4,Ifrd1
Brd4,Ighmbp2
Brd4,Inca1
Brd4,Ints1
Brd4,Kctd6
Brd4,Kif20b
Brd4,Lacc1
Brd4,Lars2
Brd4,Letm2
Brd4,Llgl1
Brd4,Lmbr1l
Brd4,Lox
Brd4,Lpin1
Brd4,Ltbp1
Brd4,Lypla2
Brd4,Mafk
Brd4,Maged2
Brd4,Magi1
Brd4,Magi2
Brd4,Maml3
Brd4,Mapt
Brd4,Matn2
Brd4,Mbd2
Brd4,Mbnl2
Brd4,Mcrs1
Brd4,Mdm2
Brd4,Mfsd9
Brd4,Mgst2
Brd4,Mia2
Brd4,Mkrn3
Brd4,Mogs
Brd4,Mpz
Brd4,Mrpl12
Brd4,Mrps33
Brd4,Mterf1b
Brd4,Mtg2
Brd4,Mthfd1l
Brd4,Mttp
Brd4,Mul1
Brd4,Mxi1
Brd4,Myo10
Brd4,Nol12
Brd4,Nptxr
Brd4,Nrde2
Brd4,Nrep
Brd4,Opn3
Brd4,Osbpl10
Brd4,Ostm1
Brd4,Pam
Brd4,Pbx1
Brd4,Pcdh19
Brd4,Pdgfrb
Brd4,Pdzrn3
Brd4,Per3
Brd4,Pfkfb2
Brd4,Pgpep1
Brd4,Phf8
Brd4,Pik3cd
Brd4,Plcb1
Brd4,Poli
Brd4,Ppp1r15a
Brd4,Ppp3ca
Brd4,Preb
Brd4,Prkab1
Brd4,Prkcd
Brd4,Psen2
Brd4,Psmb5
Brd4,Ptgs2
Brd4,Ptn
Brd4,Ptprk
Brd4,Ptprm
Brd4,Pus7l
Brd4,R3hdm4
Brd4,Rab34
Brd4,Rab36
Brd4,Rad51d
Brd4,Rbbp4
Brd4,Rcan1
Brd4,Rerg
Brd4,Rif1
Brd4,Rnf150
Brd4,Rnft2
Brd4,Ror1
Brd4,Sarm1
Brd4,Scd2
Brd4,Sema3a
Brd4,Serpine1
Brd4,Siglec15
Brd4,Sirt7
Brd4,Slc22a4
Brd4,Slc35b2
Brd4,Slc37a4
Brd4,Slc7a11
Brd4,Smc1a
Brd4,Smim12
Brd4,Snai1
Brd4,Snrpd2
Brd4,Spag4
Brd4,Spp1
Brd4,Spryd3
Brd4,Srf
Brd4,St6gal1
Brd4,Synm
Brd4,Taf13
Brd4,Taf1c
Brd4,Tbp
Brd4,Tenm4
Brd4,Tex261
Brd4,Thsd7a
Brd4,Tirap
Brd4,Tmco6
Brd4,Tmem106c
Brd4,Tmem116
Brd4,Tmem161a
Brd4,Tmem201
Brd4,Tnc
Brd4,Tnip2
Brd4,Tomm40l
Brd4,Tomm70a
Brd4,Top2a
Brd4,Tor1aip2
Brd4,Tor3a
Brd4,Trmt61a
Brd4,Trp53inp1
Brd4,Trpm3
Brd4,Trps1
Brd4,Tspan11
Brd4,Tspo
Brd4,Tstd3
Brd4,Ttc25
Brd4,Twist2
Brd4,Txnip
Brd4,Vamp1
Brd4,Vps72
Brd4,Wdr83os
Brd4,Wfs1
Brd4,Wwox
Brd4,Ypel1
Brd4,Ypel3
Brd4,Zc3h7a
Brd4,Zdhhc7
Brd4,Zeb2
Brd4,Zer1
Brd4,Zfp143
Brd4,Zfp384
Brd4,Zfp551
Brd4,Zfp558
Brd4,Zfp617
Brd4,Zfp619
Brd4,Zfp90
Brd4,Zfp960
Brd4,Zfpm2
Cdk9,Acta2
Cdk9,Egr1
Cdk9,Endov
Cdk9,Ermard
Cdk9,Fos
Cdk9,Gm17597
Cdk9,Htra2
Cdk9,Ifrd1
Cdk9,Ighmbp2
Cdk9,Mrps33
Cdk9,Mterf1b
Cdk9,Ptgs2
Cdk9,Serpine1
Cdk9,Tbp
Ctcf,1110032A03Rik
Ctcf,1190007I07Rik
Ctcf,1300002E11Rik
Ctcf,1700037C18Rik
Ctcf,1700056E22Rik
Ctcf,1810062G17Rik
Ctcf,4430402I18Rik
Ctcf,4930467K11Rik
Ctcf,4930558K02Rik
Ctcf,4933405D12Rik
Ctcf,A630001G21Rik
Ctcf,AA543186
Ctcf,Abhd14b
Ctcf,Abhd3
Ctcf,Add2
Ctcf,Ahrr
Ctcf,Alcam
Ctcf,Ammecr1l
Ctcf,Ank
Ctcf,Arhgap15
Ctcf,Arrb1
Ctcf,Arrdc3
Ctcf,Art3
Ctcf,Atad2
Ctcf,Atg10
Ctcf,Atp13a2
Ctcf,Atp6v0e2
Ctcf,Bahd1
Ctcf,Bbs10
Ctcf,Bcdin3d
Ctcf,Bdnf
Ctcf,Btn1a1
Ctcf,C1s1
Ctcf,Cacna1c
Ctcf,Car7
Ctcf,Catip
Ctcf,Ccbe1
Ctcf,Ccdc122
Ctcf,Cda
Ctcf,Cdk5rap3
Ctcf,Cemip
Ctcf,Cerk
Ctcf,Cfap58
Ctcf,Chit1
Ctcf,Chka
Ctcf,Chrdl2
Ctcf,Clasrp
Ctcf,Clock
Ctcf,Cmtr1
Ctcf,Colec12
Ctcf,Cpt2
Ctcf,Csgalnact1
Ctcf,Ctcf
Ctcf,Cyp51
Ctcf,D8Ertd738e
Ctcf,Dand5
Ctcf,Dapk1
Ctcf,Dctpp1
Ctcf,Def6
Ctcf,Dhrs13
Ctcf,Dio2
Ctcf,Dip2c
Ctcf,Dnaic1
Ctcf,Dnajb5
Ctcf,Dph7
Ctcf,Dpp9
Ctcf,Edil3
Ctcf,Elk4
Ctcf,Endov
Ctcf,Eps8l1
Ctcf,Fam53b
Ctcf,Fam98c
Ctcf,Fbxo47
Ctcf,Fbxo6
Ctcf,Fgfr1
Ctcf,Fkrp
Ctcf,Fmnl2
Ctcf,Fos
Ctcf,Foxa3
Ctcf,Galnt2
Ctcf,Ghr
Ctcf,Gle1
Ctcf,Gli2
Ctcf,Glipr1l1
Ctcf,Glis3
Ctcf,Gm17597
Ctcf,Gm2716
Ctcf,Grik2
Ctcf,Grpr
Ctcf,Hcn3
Ctcf,Hgf
Ctcf,Hint3
Ctcf,Hmcn1
Ctcf,Hmox1
Ctcf,Hs6st2
Ctcf,Hsp90b1
Ctcf,Hspa12a
Ctcf,Hspa4l
Ctcf,Hspa5
Ctcf,Id4
Ctcf,Ift172
Ctcf,Ighmbp2
Ctcf,Il11ra1
Ctcf,Il13ra1
Ctcf,Inca1
Ctcf,Ints1
Ctcf,Iqgap2
Ctcf,Itga8
Ctcf,Itga9
Ctcf,Itgb3
Ctcf,Izumo4
Ctcf,Kcnk13
Ctcf,Kctd6
Ctcf,Kif20b
Ctcf,Lacc1
Ctcf,Lef1
Ctcf,Lif
Ctcf,Limd2
Ctcf,Lix1
Ctcf,Lmo1
Ctcf,Mad2l2
Ctcf,Magi1
Ctcf,Maml3
Ctcf,Mapkapk5
Ctcf,Mapt
Ctcf,Mast1
Ctcf,Mdm2
Ctcf,Mia2
Ctcf,Mif4gd
Ctcf,Mogs
Ctcf,Mrps33
Ctcf,Mterf1b
Ctcf,Mtg2
Ctcf,Mthfd1l
Ctcf,Mtnr1a
Ctcf,Mtus2
Ctcf,Mxi1
Ctcf,Myo10
Ctcf,Myo1d
Ctcf,Naip5
Ctcf,Neu3
Ctcf,Nipal2
Ctcf,Nme4
Ctcf,Nptxr
Ctcf,Nrep
Ctcf,Nrg1
Ctcf,Ostm1
Ctcf,Parm1
Ctcf,Pcdha9
Ctcf,Pcdhb12
Ctcf,Pcdhb4
Ctcf,Pcdhb5
Ctcf,Pde1c
Ctcf,Pde2a
Ctcf,Phf11d
Ctcf,Pkig
Ctcf,Plcb1
Ctcf,Plekha2
Ctcf,Pnpla3
Ctcf,Polrmt
Ctcf,Ppara
Ctcf,Preb
Ctcf,Prkab1
Ctcf,Prkag3
Ctcf,Prss41
Ctcf,Prss48
Ctcf,Psen2
Ctcf,Pstk
Ctcf,Ptchd4
Ctcf,Ptpn13
Ctcf,Ptprk
Ctcf,Ptprm
Ctcf,Rab27b
Ctcf,Rad51d
Ctcf,Ramp2
Ctcf,Rapgefl1
Ctcf,Rasgrp2
Ctcf,Rbbp4
Ctcf,Rbpjl
Ctcf,Rcan1
Ctcf,Rerg
Ctcf,Rnasel
Ctcf,Rnf144a
Ctcf,Rnf150
Ctcf,Rnf8
Ctcf,Ror1
Ctcf,Rora
Ctcf,Rras
Ctcf,Samd9l
Ctcf,Scn3a
Ctcf,Sema4c
Ctcf,Serpine1
Ctcf,Sfmbt2
Ctcf,Sgce
Ctcf,Sirt7
Ctcf,Slc22a4
Ctcf,Slc24a3
Ctcf,Slc35b2
Ctcf,Slc37a4
Ctcf,Slc46a3
Ctcf,Smim12
Ctcf,Snai1
Ctcf,Srf
Ctcf,St6gal1
Ctcf,Stox1
Ctcf,Sulf2
Ctcf,Sybu
Ctcf,Synm
Ctcf,Synpo
Ctcf,Taf1c
Ctcf,Tdrd12
Ctcf,Tesk1
Ctcf,Tex261
Ctcf,Tgm2
Ctcf,Thra
Ctcf,Thsd7a
Ctcf,Tirap
Ctcf,Tmem106c
Ctcf,Tmem130
Ctcf,Tmem201
Ctcf,Tmem44
Ctcf,Tmem82
Ctcf,Tmod4
Ctcf,Topaz1
Ctcf,Tor3a
Ctcf,Trpm3
Ctcf,Trpv2
Ctcf,Tspan12
Ctcf,Tspan33
Ctcf,Tstd3
Ctcf,Ttc25
Ctcf,Ttll6
Ctcf,Unc5b
Ctcf,Wdr38
Ctcf,Xkr8
Ctcf,Yipf2
Ctcf,Zc3h7a
Ctcf,Zeb2
Ctcf,Zfp109
Ctcf,Zfp362
Ctcf,Zfp558
Ctcf,Zfp619
Ctcf,Zfp677
Ctcf,Zfp90
Ctcf,Zfpm1
Ctcf,Zfpm2
Ctcf,Zpr1
Ctcfl,1110019D14Rik
Ctcfl,1110032A03Rik
Ctcfl,1190007I07Rik
Ctcfl,1300002E11Rik
Ctcfl,1700037C18Rik
Ctcfl,1700056E22Rik
Ctcfl,1810062G17Rik
Ctcfl,4430402I18Rik
Ctcfl,4632428C04Rik
Ctcfl,4732491K20Rik
Ctcfl,4833418N02Rik
Ctcfl,4930558K02Rik
Ctcfl,4933405D12Rik
Ctcfl,4933405L10Rik
Ctcfl,5430416N02Rik
Ctcfl,A430046D13Rik
Ctcfl,A830005F24Rik
Ctcfl,AA543186
Ctcfl,AI429214
Ctcfl,Abhd14b
Ctcfl,Abhd3
Ctcfl,Acad12
Ctcfl,Acads
Ctcfl,Adam23
Ctcfl,Aff3
Ctcfl,Alcam
Ctcfl,Ammecr1l
Ctcfl,Ank
Ctcfl,Anln
Ctcfl,Aph1a
Ctcfl,Arhgap15
Ctcfl,Arhgap24
Ctcfl,Arl4a
Ctcfl,Arrb1
Ctcfl,Atg10
Ctcfl,Atp13a2
Ctcfl,Atp6v0c
Ctcfl,Atp6v0e2
Ctcfl,B4galt2
Ctcfl,BC031181
Ctcfl,Bahd1
Ctcfl,Bbs10
Ctcfl,Bcdin3d
Ctcfl,Bcl10
Ctcfl,Bdnf
Ctcfl,Begain
Ctcfl,Bnc2
Ctcfl,Brd4
Ctcfl,Brpf3
Ctcfl,Car7
Ctcfl,Ccbe1
Ctcfl,Ccdc122
Ctcfl,Ccdc136
Ctcfl,Ccdc71
Ctcfl,Cd14
Ctcfl,Cda
Ctcfl,Cdc42ep4
Ctcfl,Cdh2
Ctcfl,Cerk
Ctcfl,Chac2
Ctcfl,Chchd5
Ctcfl,Chchd6
Ctcfl,Chit1
Ctcfl,Chka
Ctcfl,Chpf2
Ctcfl,Chst3
Ctcfl,Clasrp
Ctcfl,Clock
Ctcfl,Cnih2
Ctcfl,Coa4
Ctcfl,Coasy
Ctcfl,Colec12
Ctcfl,Cped1
Ctcfl,Crim1
Ctcfl,Crlf1
Ctcfl,Csgalnact1
Ctcfl,Cstf1
Ctcfl,Ctcf
Ctcfl,Ctcfl
Ctcfl,Daam2
Ctcfl,Dand5
Ctcfl,Dclk1
Ctcfl,Dctpp1
Ctcfl,Depdc7
Ctcfl,Dhrs13
Ctcfl,Dip2c
Ctcfl,Dnaic1
Ctcfl,Dock8
Ctcfl,Dph7
Ctcfl,Dpp9
Ctcfl,Dsn1
Ctcfl,Dyrk3
Ctcfl,Edil3
Ctcfl,Egr2
Ctcfl,Egr3
Ctcfl,Elk3
Ctcfl,Elk4
Ctcfl,Endov
Ctcfl,Eno4
Ctcfl,Epm2a
Ctcfl,Ermard
Ctcfl,Fam53b
Ctcfl,Fam98c
Ctcfl,Fbxo47
Ctcfl,Fbxo6
Ctcfl,Fbxw5
Ctcfl,Fer
Ctcfl,Fgfr1
Ctcfl,Fiz1
Ctcfl,Fkrp
Ctcfl,Flcn
Ctcfl,Fmnl2
Ctcfl,Fndc4
Ctcfl,Fos
Ctcfl,Foxa3
Ctcfl,Galnt13
Ctcfl,Galnt18
Ctcfl,Galnt2
Ctcfl,Gle1
Ctcfl,Gli2
Ctcfl,Glipr1l1
Ctcfl,Glis3
Ctcfl,Gm10778
Ctcfl,Gm17597
Ctcfl,Gm2716
Ctcfl,Gng11
Ctcfl,Gng8
Ctcfl,Gpr180
Ctcfl,Gpr3
Ctcfl,Gps1
Ctcfl,Grem2
Ctcfl,Gria1
Ctcfl,Grik2
Ctcfl,H2-T24
Ctcfl,Hcfc1
Ctcfl,Hcn3
Ctcfl,Hdac1
Ctcfl,Hdac2
Ctcfl,Hgf
Ctcfl,Hhipl1
Ctcfl,Hint3
Ctcfl,Hoxa3
Ctcfl,Hs6st2
Ctcfl,Hsp90b1
Ctcfl,Hspa12a
Ctcfl,Hspa4l
Ctcfl,Htra2
Ctcfl,Ifrd1
Ctcfl,Ighmbp2
Ctcfl,Igsf10
Ctcfl,Inpp5k
Ctcfl,Ints1
Ctcfl,Itga8
Ctcfl,Itga9
Ctcfl,Izumo4
Ctcfl,Kcnk13
Ctcfl,Kctd6
Ctcfl,Kitl
Ctcfl,L3mbtl3
Ctcfl,Lacc1
Ctcfl,Lars2
Ctcfl,Lif
Ctcfl,Limd2
Ctcfl,Lipt1
Ctcfl,Lipt2
Ctcfl,Llgl1
Ctcfl,Lmbr1l
Ctcfl,Lrrc27
Ctcfl,Ltbp1
Ctcfl,Lysmd2
Ctcfl,Mafk
Ctcfl,Magi2
Ctcfl,Mapkapk5
Ctcfl,Maz
Ctcfl,Mcrs1
Ctcfl,Mcur1
Ctcfl,Mdm2
Ctcfl,Meig1
Ctcfl,Men1
Ctcfl,Mfsd9
Ctcfl,Mia2
Ctcfl,Mical1
Ctcfl,Mid1
Ctcfl,Mkrn3
Ctcfl,Mmachc
Ctcfl,Mmp11
Ctcfl,Mogs
Ctcfl,Mroh8
Ctcfl,Mrpl12
Ctcfl,Mrpl41
Ctcfl,Mrps12
Ctcfl,Mrps33
Ctcfl,Mterf1b
Ctcfl,Mtg2
Ctcfl,Mthfd1l
Ctcfl,Mttp
Ctcfl,Mul1
Ctcfl,Mxd4
Ctcfl,Mxi1
Ctcfl,Myo10
Ctcfl,Myo1d
Ctcfl,Naip2
Ctcfl,Naip5
Ctcfl,Negr1
Ctcfl,Nol12
Ctcfl,Npdc1
Ctcfl,Nrde2
Ctcfl,Nrep
Ctcfl,Nudt7
Ctcfl,Opn3
Ctcfl,Ostm1
Ctcfl,Pag1
Ctcfl,Pak3
Ctcfl,Pam
Ctcfl,Pam16
Ctcfl,Pcdh7
Ctcfl,Pcdhb5
Ctcfl,Pde10a
Ctcfl,Pde2a
Ctcfl,Pdzrn3
Ctcfl,Peli2
Ctcfl,Phf8
Ctcfl,Pigyl
Ctcfl,Pkig
Ctcfl,Plcb1
Ctcfl,Plcb4
Ctcfl,Plekha2
Ctcfl,Pola1
Ctcfl,Polrmt
Ctcfl,Ppp1r15a
Ctcfl,Preb
Ctcfl,Prss41
Ctcfl,Psen2
Ctcfl,Psmb10
Ctcfl,Psmb5
Ctcfl,Psmg4
Ctcfl,Pstk
Ctcfl,Ptchd4
Ctcfl,Ptges3l
Ctcfl,Ptgs2
Ctcfl,Ptprj
Ctcfl,Ptprm
Ctcfl,Pus7l
Ctcfl,Rab34
Ctcfl,Rad51d
Ctcfl,Ramp2
Ctcfl,Rasgrp2
Ctcfl,Rassf7
Ctcfl,Rbpjl
Ctcfl,Rcan1
Ctcfl,Rerg
Ctcfl,Rif1
Ctcfl,Rnasel
Ctcfl,Rnf150
Ctcfl,Rnf8
Ctcfl,Rnft2
Ctcfl,Rnls
Ctcfl,Ror1
Ctcfl,Rpl12
Ctcfl,Rps6kb2
Ctcfl,Rxrb
Ctcfl,Samd9l
Ctcfl,Scd2
Ctcfl,Sdc3
Ctcfl,Sema4c
Ctcfl,Serinc2
Ctcfl,Sgsh
Ctcfl,Sh2b2
Ctcfl,Sirt7
Ctcfl,Slc16a10
Ctcfl,Slc22a4
Ctcfl,Slc25a35
Ctcfl,Slc35b2
Ctcfl,Slc37a4
Ctcfl,Slc44a3
Ctcfl,Slc46a3
Ctcfl,Smim12
Ctcfl,Spire2
Ctcfl,Spryd3
Ctcfl,Srf
Ctcfl,Sspn
Ctcfl,St6gal1
Ctcfl,Styxl1
Ctcfl,Sybu
Ctcfl,Synm
Ctcfl,Taf1c
Ctcfl,Tceanc2
Ctcfl,Tesk1
Ctcfl,Tex261
Ctcfl,Tgm2
Ctcfl,Thsd7a
Ctcfl,Tigd3
Ctcfl,Tirap
Ctcfl,Tmem116
Ctcfl,Tmem161a
Ctcfl,Tmem189
Ctcfl,Tmem201
Ctcfl,Tmem44
Ctcfl,Tmem82
Ctcfl,Tnc
Ctcfl,Tnfrsf22
Ctcfl,Tomm40l
Ctcfl,Tomm70a
Ctcfl,Tor1aip2
Ctcfl,Tor3a
Ctcfl,Trappc2
Ctcfl,Trim36
Ctcfl,Trpm3
Ctcfl,Trpm4
Ctcfl,Trps1
Ctcfl,Tspo
Ctcfl,Ttc25
Ctcfl,Ttll6
Ctcfl,Tusc2
Ctcfl,Twf2
Ctcfl,Twist2
Ctcfl,Txnip
Ctcfl,Unc5b
Ctcfl,Vcan
Ctcfl,Vps72
Ctcfl,Wdr38
Ctcfl,Wdtc1
Ctcfl,Wrap73
Ctcfl,Wwox
Ctcfl,Xkr8
Ctcfl,Xrra1
Ctcfl,Yipf2
Ctcfl,Zbtb18
Ctcfl,Zc3h7a
Ctcfl,Zeb1
Ctcfl,Zeb2
Ctcfl,Zfp109
Ctcfl,Zfp143
Ctcfl,Zfp30
Ctcfl,Zfp362
Ctcfl,Zfp384
Ctcfl,Zfp46
Ctcfl,Zfp558
Ctcfl,Zfp617
Ctcfl,Zfp619
Ctcfl,Zfp668
Ctcfl,Zfp707
Ctcfl,Zfp82
Ctcfl,Zfp90
Ctcfl,Zfp960
Ctcfl,Zfpm2
Hcfc1,1110019D14Rik
Hcfc1,1110032A03Rik
Hcfc1,1300002E11Rik
Hcfc1,1700037C18Rik
Hcfc1,1700095J07Rik
Hcfc1,1810044D09Rik
Hcfc1,1810062G17Rik
Hcfc1,2510002D24Rik
Hcfc1,4430402I18Rik
Hcfc1,4732491K20Rik
Hcfc1,4833418N02Rik
Hcfc1,4930467K11Rik
Hcfc1,4933405D12Rik
Hcfc1,4933405L10Rik
Hcfc1,4933430I17Rik
Hcfc1,5430416N02Rik
Hcfc1,9130019O22Rik
Hcfc1,9430038I01Rik
Hcfc1,A830005F24Rik
Hcfc1,AA386476
Hcfc1,Abhd11
Hcfc1,Abhd14b
Hcfc1,Acads
Hcfc1,Acly
Hcfc1,Adamts5
Hcfc1,Agtrap
Hcfc1,Ak8
Hcfc1,Alcam
Hcfc1,Ammecr1l
Hcfc1,Ank
Hcfc1,Ank3
Hcfc1,Ankrd42
Hcfc1,Anln
Hcfc1,Ap5b1
Hcfc1,Apeh
Hcfc1,Aph1a
Hcfc1,Arhgap24
Hcfc1,Arl4a
Hcfc1,Arntl
Hcfc1,Arrdc3
Hcfc1,Atad2
Hcfc1,Atg10
Hcfc1,Atp13a2
Hcfc1,Atp5h
Hcfc1,Atp6v0c
Hcfc1,Atp6v0e2
Hcfc1,Aurkaip1
Hcfc1,B4galt2
Hcfc1,Bahd1
Hcfc1,Bbs10
Hcfc1,Bcdin3d
Hcfc1,Bdnf
Hcfc1,Brd4
Hcfc1,Brpf3
Hcfc1,Btbd2
Hcfc1,Cacna1c
Hcfc1,Camta1
Hcfc1,Car7
Hcfc1,Casc1
Hcfc1,Ccbe1
Hcfc1,Ccdc122
Hcfc1,Ccdc136
Hcfc1,Ccdc71
Hcfc1,Cda
Hcfc1,Cdk5rap3
Hcfc1,Cdk8
Hcfc1,Cdk9
Hcfc1,Cenpf
Hcfc1,Chchd5
Hcfc1,Chchd6
Hcfc1,Chd4
Hcfc1,Chid1
Hcfc1,Chka
Hcfc1,Chpf2
Hcfc1,Clasrp
Hcfc1,Clock
Hcfc1,Cltc
Hcfc1,Cmtr1
Hcfc1,Coa4
Hcfc1,Colec12
Hcfc1,Cpt2
Hcfc1,Crim1
Hcfc1,Csf1
Hcfc1,Csgalnact1
Hcfc1,Cstf1
Hcfc1,Ctcf
Hcfc1,Ctcfl
Hcfc1,Cyp51
Hcfc1,D8Ertd738e
Hcfc1,Dand5
Hcfc1,Dapk3
Hcfc1,Dcakd
Hcfc1,Dcp1b
Hcfc1,Dhrs13
Hcfc1,Dhx40
Hcfc1,Dock8
Hcfc1,Dok4
Hcfc1,Dph2
Hcfc1,Dph7
Hcfc1,Dpp9
Hcfc1,Dsn1
Hcfc1,Dync2li1
Hcfc1,E430018J23Rik
Hcfc1,Efnb1
Hcfc1,Egr1
Hcfc1,Elk1
Hcfc1,Elk3
Hcfc1,Elk4
Hcfc1,Endov
Hcfc1,Epm2a
Hcfc1,Ermard
Hcfc1,Evi5l
Hcfc1,Exoc4
Hcfc1,Fam161b
Hcfc1,Fam53b
Hcfc1,Fam98c
Hcfc1,Fancg
Hcfc1,Fbxo6
Hcfc1,Fbxw5
Hcfc1,Fer
Hcfc1,Fgfr1
Hcfc1,Ficd
Hcfc1,Fiz1
Hcfc1,Fkrp
Hcfc1,Flcn
Hcfc1,Fmnl2
Hcfc1,Fnip2
Hcfc1,Fos
Hcfc1,Foxa3
Hcfc1,Galnt2
Hcfc1,Gdpd5
Hcfc1,Ghr
Hcfc1,Gle1
Hcfc1,Gli2
Hcfc1,Glis3
Hcfc1,Gm17597
Hcfc1,Gm2716
Hcfc1,Gm29642
Hcfc1,Gm6712
Hcfc1,Gng11
Hcfc1,Gpr180
Hcfc1,Gps1
Hcfc1,Grik2
Hcfc1,Hcfc1
Hcfc1,Hcn3
Hcfc1,Hdac1
Hcfc1,Hdac2
Hcfc1,Hhipl1
Hcfc1,Hmgcs1
Hcfc1,Hmox1
Hcfc1,Hs6st2
Hcfc1,Hsp90b1
Hcfc1,Hspa12a
Hcfc1,Hspa4l
Hcfc1,Hspa5
Hcfc1,Htra2
Hcfc1,Ifi30
Hcfc1,Ifngr2
Hcfc1,Ifrd1
Hcfc1,Ift172
Hcfc1,Ift27
Hcfc1,Ighmbp2
Hcfc1,Immp2l
Hcfc1,Inca1
Hcfc1,Inpp5k
Hcfc1,Ints1
Hcfc1,Jarid2
Hcfc1,Jpx
Hcfc1,Kctd6
Hcfc1,Kdm6a
Hcfc1,Kif20b
Hcfc1,Kitl
Hcfc1,L3mbtl3
Hcfc1,Lacc1
Hcfc1,Lars2
Hcfc1,Letm2
Hcfc1,Limd2
Hcfc1,Lipt1
Hcfc1,Lipt2
Hcfc1,Llgl1
Hcfc1,Lox
Hcfc1,Lpin1
Hcfc1,Lrrc27
Hcfc1,Lypla2
Hcfc1,Mafk
Hcfc1,Magi1
Hcfc1,Maml3
Hcfc1,Map4k1
Hcfc1,Mapkapk5
Hcfc1,Matn2
Hcfc1,Mbd2
Hcfc1,Mbnl2
Hcfc1,Mcrs1
Hcfc1,Mcur1
Hcfc1,Men1
Hcfc1,Mfsd2a
Hcfc1,Mgrn1
Hcfc1,Mia2
Hcfc1,Mki67
Hcfc1,Mkrn3
Hcfc1,Mmachc
Hcfc1,Mogs
Hcfc1,Mospd1
Hcfc1,Mroh8
Hcfc1,Mrpl12
Hcfc1,Mrpl41
Hcfc1,Mrps33
Hcfc1,Mterf1b
Hcfc1,Mtg2
Hcfc1,Mthfd1l
Hcfc1,Mttp
Hcfc1,Mtx1
Hcfc1,Mul1
Hcfc1,Mxi1
Hcfc1,Myo10
Hcfc1,Myo1d
Hcfc1,Naglu
Hcfc1,Naip2
Hcfc1,Naip5
Hcfc1,Negr1
Hcfc1,Neu3
Hcfc1,Nol12
Hcfc1,Npdc1
Hcfc1,Nptxr
Hcfc1,Nrde2
Hcfc1,Nrep
Hcfc1,Osbpl10
Hcfc1,Ostm1
Hcfc1,Pam16
Hcfc1,Pdcd4
Hcfc1,Per3
Hcfc1,Pex26
Hcfc1,Pgpep1
Hcfc1,Phf8
Hcfc1,Pigyl
Hcfc1,Pik3cd
Hcfc1,Pkig
Hcfc1,Plcb4
Hcfc1,Plekha2
Hcfc1,Pola1
Hcfc1,Pold4
Hcfc1,Poli
Hcfc1,Polrmt
Hcfc1,Ppp1r15a
Hcfc1,Ppp3ca
Hcfc1,Preb
Hcfc1,Prkab1
Hcfc1,Psen2
Hcfc1,Psmb5
Hcfc1,Psmg4
Hcfc1,Pstk
Hcfc1,Ptges3l
Hcfc1,Ptgs2
Hcfc1,Ptprm
Hcfc1,Pus7l
Hcfc1,Rab34
Hcfc1,Ramp2
Hcfc1,Rbbp4
Hcfc1,Rbpjl
Hcfc1,Rcan1
Hcfc1,Rif1
Hcfc1,Rnf8
Hcfc1,Rnft2
Hcfc1,Rnls
Hcfc1,Ror1
Hcfc1,Rps6kb2
Hcfc1,Rxrb
Hcfc1,Samd9l
Hcfc1,Sardh
Hcfc1,Scd2
Hcfc1,Sdhaf1
Hcfc1,Sema5a
Hcfc1,Serinc2
Hcfc1,Serpine1
Hcfc1,Setd1a
Hcfc1,Sgsh
Hcfc1,Sh2b2
Hcfc1,Sin3a
Hcfc1,Sirt7
Hcfc1,Slc16a10
Hcfc1,Slc22a4
Hcfc1,Slc26a11
Hcfc1,Slc2a13
Hcfc1,Slc35b2
Hcfc1,Slc37a4
Hcfc1,Smim12
Hcfc1,Snrpd2
Hcfc1,Spire2
Hcfc1,Spryd3
Hcfc1,Srf
Hcfc1,Styxl1
Hcfc1,Syne1
Hcfc1,Taf13
Hcfc1,Taf1c
Hcfc1,Tanc2
Hcfc1,Tbc1d17
Hcfc1,Tbp
Hcfc1,Tceanc2
Hcfc1,Tex261
Hcfc1,Thap7
Hcfc1,Thra
Hcfc1,Tirap
Hcfc1,Tmco6
Hcfc1,Tmem106c
Hcfc1,Tmem161a
Hcfc1,Tmem189
Hcfc1,Tmem201
Hcfc1,Tmem44
Hcfc1,Tmem67
Hcfc1,Tomm70a
Hcfc1,Tor1aip2
Hcfc1,Tor3a
Hcfc1,Tor4a
Hcfc1,Trappc2
Hcfc1,Trmt61a
Hcfc1,Trp53inp1
Hcfc1,Tspan33
Hcfc1,Ttc25
Hcfc1,Ttll6
Hcfc1,Tusc2
Hcfc1,Twf2
Hcfc1,Txnip
Hcfc1,Ubxn11
Hcfc1,Unc5b
Hcfc1,Vamp1
Hcfc1,Vps72
Hcfc1,Wdr83os
Hcfc1,Wdtc1
Hcfc1,Wfs1
Hcfc1,Wrap73
Hcfc1,Wwox
Hcfc1,Xkr8
Hcfc1,Yipf2
Hcfc1,Zc3h7a
Hcfc1,Zdhhc7
Hcfc1,Zer1
Hcfc1,Zfp109
Hcfc1,Zfp14
Hcfc1,Zfp143
Hcfc1,Zfp354b
Hcfc1,Zfp362
Hcfc1,Zfp384
Hcfc1,Zfp46
Hcfc1,Zfp551
Hcfc1,Zfp558
Hcfc1,Zfp579
Hcfc1,Zfp617
Hcfc1,Zfp619
Hcfc1,Zfp668
Hcfc1,Zfp677
Hcfc1,Zfp874b
Hcfc1,Zfp90
Hcfc1,Zfp94
Hcfc1,Zfp960
Hcfc1,Zfpm2
Hcfc1,Zkscan6
Hcfc1,Zpr1
Kdm6a,Card10
Kdm6a,Caskin1
Kdm6a,Cds1
Kdm6a,Otud7a
Kdm6a,Susd4
Mafk,Bcl10
Mafk,Ccdc122
Mafk,Cp
Mafk,Exoc4
Mafk,Fmn1
Mafk,Il1rl1
Mafk,Kcnab2
Mafk,Rom1
Mafk,Snx32
Mafk,Syne1
Mafk,Thbs2
Mafk,Ugt1a7c
Mafk,Zfp143
Maz,1110019D14Rik
Maz,1110032A03Rik
Maz,1190007I07Rik
Maz,1300002E11Rik
Maz,1700037C18Rik
Maz,1700056E22Rik
Maz,1700096K18Rik
Maz,1810044D09Rik
Maz,1810062G17Rik
Maz,2810433D01Rik
Maz,4732491K20Rik
Maz,4833418N02Rik
Maz,4930467K11Rik
Maz,4930589L23Rik
Maz,4931440J10Rik
Maz,4933405D12Rik
Maz,4933433G15Rik
Maz,AA543186
Maz,Abhd11
Maz,Abhd14b
Maz,Acads
Maz,Acly
Maz,Acsl4
Maz,Adam9
Maz,Adcy7
Maz,Agtrap
Maz,Alcam
Maz,Aldh1l2
Maz,Angptl4
Maz,Anln
Maz,Apln
Maz,Aqp11
Maz,Arhgap24
Maz,Arl4a
Maz,Arntl
Maz,Arrb1
Maz,Arrdc3
Maz,Atad2
Maz,Atg10
Maz,Atp5h
Maz,Atp6v0c
Maz,B4galt2
Maz,Bahd1
Maz,Bcdin3d
Maz,Bcl10
Maz,Bdnf
Maz,Begain
Maz,Bnc2
Maz,Brd4
Maz,Btbd2
Maz,Cacna1c
Maz,Car7
Maz,Ccbe1
Maz,Ccdc122
Maz,Ccdc136
Maz,Ccdc71
Maz,Cdc42ep4
Maz,Cdk8
Maz,Cdk9
Maz,Cdkl3
Maz,Cenpe
Maz,Cenpf
Maz,Chac2
Maz,Chd4
Maz,Chka
Maz,Chpf2
Maz,Clasrp
Maz,Clock
Maz,Cmtr1
Maz,Cnih2
Maz,Coa4
Maz,Coasy
Maz,Col4a5
Maz,Col8a1
Maz,Colec12
Maz,Cpt2
Maz,Crim1
Maz,Csf1
Maz,Csgalnact1
Maz,Cstf1
Maz,Ctcf
Maz,Cyp2d22
Maz,Cyp51
Maz,D930032P07Rik
Maz,Dand5
Maz,Dbp
Maz,Dcakd
Maz,Dclk1
Maz,Dhrs13
Maz,Dip2c
Maz,Dnajb5
Maz,Dock8
Maz,Dpp9
Maz,Dyrk3
Maz,Efemp1
Maz,Egr2
Maz,Elk3
Maz,Elk4
Maz,Epm2a
Maz,Ermard
Maz,Exoc4
Maz,Fam53b
Maz,Fam98c
Maz,Fbxo6
Maz,Fbxw5
Maz,Fer
Maz,Fgfr1
Maz,Ficd
Maz,Fkrp
Maz,Fmnl2
Maz,Fndc4
Maz,Fnip2
Maz,Fos
Maz,Foxa3
Maz,Foxred1
Maz,Galnt13
Maz,Ghr
Maz,Gle1
Maz,Gli2
Maz,Gm17597
Maz,Gm26721
Maz,Gm2716
Maz,Gng11
Maz,Gng8
Maz,Gpr146
Maz,Gpr3
Maz,Gps1
Maz,Has2
Maz,Hcfc1
Maz,Hdac1
Maz,Hdac2
Maz,Hint3
Maz,Hmgcs1
Maz,Hspa12a
Maz,Hspa5
Maz,Htra2
Maz,Id4
Maz,Ifngr2
Maz,Ifrd1
Maz,Ighmbp2
Maz,Il11ra1
Maz,Immp2l
Maz,Inca1
Maz,Ints1
Maz,Kdm6a
Maz,Kif20b
Maz,Kitl
Maz,L3mbtl3
Maz,Lacc1
Maz,Lars2
Maz,Letm2
Maz,Lif
Maz,Limd2
Maz,Lipt1
Maz,Llgl1
Maz,Lox
Maz,Lysmd2
Maz,Mafk
Maz,Magi2
Maz,Maml3
Maz,Mapkapk5
Maz,Maz
Maz,Mcrs1
Maz,Mcur1
Maz,Mdm2
Maz,Mef2c
Maz,Men1
Maz,Mgrn1
Maz,Mgst3
Maz,Mia2
Maz,Mki67
Maz,Mkrn3
Maz,Mmp11
Maz,Mogs
Maz,Mrps33
Maz,Mterf1b
Maz,Mtg2
Maz,Mul1
Maz,Mxi1
Maz,Myo10
Maz,Nptxr
Maz,Nrde2
Maz,Nrep
Maz,Nrg1
Maz,Nrp1
Maz,Ostm1
Maz,Pam
Maz,Pbx1
Maz,Pcdh19
Maz,Pde10a
Maz,Pdgfrb
Maz,Peli2
Maz,Per3
Maz,Pex11g
Maz,Pgpep1
Maz,Phf8
Maz,Pigyl
Maz,Pik3cd
Maz,Pkig
Maz,Pla2g5
Maz,Plcb1
Maz,Plcb4
Maz,Plxna4
Maz,Poli
Maz,Polrmt
Maz,Ppp3ca
Maz,Prkcd
Maz,Psen2
Maz,Psmg4
Maz,Pstk
Maz,Ptgs2
Maz,Ptn
Maz,Ptpn13
Maz,Rab34
Maz,Rab3a
Maz,Rapgefl1
Maz,Rasl11b
Maz,Rbbp4
Maz,Rcan1
Maz,Rif1
Maz,Rnd2
Maz,Rnf8
Maz,Ror1
Maz,Rpl12
Maz,Rxrb
Maz,Sema4c
Maz,Sema5a
Maz,Sema6c
Maz,Serpine1
Maz,Sertad3
Maz,Setd1a
Maz,Sgsh
Maz,Sh2b2
Maz,Sh3tc2
Maz,Slc16a10
Maz,Slc35b2
Maz,Slc37a4
Maz,Smim12
Maz,Snai1
Maz,Sorbs3
Maz,Spire2
Maz,Spryd3
Maz,Srf
Maz,Styxl1
Maz,Syne1
Maz,Taf13
Maz,Tesk1
Maz,Tex261
Maz,Tgm2
Maz,Thap7
Maz,Thbs1
Maz,Thra
Maz,Thsd7a
Maz,Tirap
Maz,Tmco6
Maz,Tmem161a
Maz,Tmem201
Maz,Tmem38b
Maz,Tmem44
Maz,Tomm70a
Maz,Tor1aip2
Maz,Tor3a
Maz,Trmt61a
Maz,Trp53inp1
Maz,Tspan11
Maz,Tspan33
Maz,Ttc25
Maz,Unc5b
Maz,Wdtc1
Maz,Wfs1
Maz,Wwox
Maz,Xkr8
Maz,Ypel1
Maz,Ypel3
Maz,Zbtb18
Maz,Zc3h7a
Maz,Zeb1
Maz,Zer1
Maz,Zfp143
Maz,Zfp30
Maz,Zfp362
Maz,Zfp384
Maz,Zfp558
Maz,Zfp579
Maz,Zfp619
Maz,Zfp668
Maz,Zfp677
Maz,Zfp707
Maz,Zfp710
Maz,Zfp90
Maz,Zfpm2
Maz,Zkscan6
Mbd2,Mmachc
Men1,4430402I18Rik
Men1,4833418N02Rik
Men1,Abhd3
Men1,Acer2
Men1,Acvr1c
Men1,Ank2
Men1,Ankrd33b
Men1,Arhgef4
Men1,Arid3b
Men1,Atad2
Men1,Atp2a3
Men1,Auts2
Men1,B4galt2
Men1,Bdnf
Men1,Begain
Men1,Bend7
Men1,Bnc2
Men1,Brd4
Men1,Brpf3
Men1,Bspry
Men1,Cacna2d2
Men1,Cacnb4
Men1,Cadm4
Men1,Camk1d
Men1,Caskin1
Men1,Cdh1
Men1,Cdh4
Men1,Cds1
Men1,Cdyl
Men1,Celsr1
Men1,Chdh
Men1,Chst3
Men1,Cnih2
Men1,Cnih3
Men1,Cnksr2
Men1,Col2a1
Men1,Col4a4
Men1,Col8a2
Men1,Cpxm1
Men1,Crmp1
Men1,Csgalnact1
Men1,Ctsf
Men1,Dab1
Men1,Dand5
Men1,Dapk1
Men1,Dchs1
Men1,Dhrs13
Men1,Dlgap2
Men1,Dnajc6
Men1,Doc2b
Men1,Efna2
Men1,Elk4
Men1,Epm2a
Men1,Eya2
Men1,Fads6
Men1,Fam163b
Men1,Fgf18
Men1,Fkrp
Men1,Fmn1
Men1,Fndc5
Men1,Foxo6
Men1,Frmd4b
Men1,Galnt13
Men1,Galnt2
Men1,Gbx1
Men1,Gps1
Men1,Grik3
Men1,Grm8
Men1,Grtp1
Men1,Gsg1l
Men1,Hhip
Men1,Hsp90b1
Men1,Hspa12a
Men1,Htatip2
Men1,Htr6
Men1,Ikzf1
Men1,Ildr2
Men1,Iqgap2
Men1,Itgb3
Men1,Kazn
Men1,Kcnb2
Men1,Kcnc1
Men1,Kcnh2
Men1,Kcnip1
Men1,Kcnj12
Men1,Kcnk6
Men1,Kif1a
Men1,L3mbtl3
Men1,Lacc1
Men1,Lamc3
Men1,Lhfpl4
Men1,Lmo2
Men1,Lrrc36
Men1,Lypd6
Men1,Mad2l2
Men1,Map3k5
Men1,Mapk4
Men1,Mast1
Men1,Matn2
Men1,Mboat2
Men1,Me3
Men1,Mettl24
Men1,Mfsd2a
Men1,Mgll
Men1,Mme
Men1,Mpped1
Men1,Mtss1
Men1,Mtus2
Men1,Mxi1
Men1,Myo5b
Men1,Negr1
Men1,Neurl1b
Men1,Nos2
Men1,Npas3
Men1,Nptxr
Men1,Nrcam
Men1,Nrg3
Men1,Nrxn2
Men1,Olfm1
Men1,Olfm2
Men1,Oprd1
Men1,Pam
Men1,Pde10a
Men1,Pde11a
Men1,Pde2a
Men1,Peli2
Men1,Phyhipl
Men1,Piezo2
Men1,Pik3ap1
Men1,Pkp2
Men1,Plcg2
Men1,Plxna4
Men1,Ppara
Men1,Ppm1h
Men1,Prkch
Men1,Pstpip2
Men1,Ptges3l
Men1,Ptprj
Men1,Ptprm
Men1,Ptprt
Men1,Rab36
Men1,Rab3a
Men1,Rab40b
Men1,Rapgef5
Men1,Rasgef1a
Men1,Rasgrp2
Men1,Rcsd1
Men1,Rfx8
Men1,Rgs7
Men1,Rif1
Men1,Rims2
Men1,Rims3
Men1,Rtn1
Men1,Rundc3b
Men1,Runx3
Men1,Sdk1
Men1,Sec31b
Men1,Serinc2
Men1,Serpine2
Men1,Sh3gl2
Men1,Shank3
Men1,Shisa8
Men1,Slc22a4
Men1,Slc24a3
Men1,Slc35b2
Men1,Slit3
Men1,Smagp
Men1,Smoc2
Men1,Sntg2
Men1,Spns2
Men1,Sstr4
Men1,Stpg2
Men1,Susd4
Men1,Sybu
Men1,Syt6
Men1,Tcf7
Men1,Tdrd12
Men1,Tdrd5
Men1,Thbs4
Men1,Thra
Men1,Tmem201
Men1,Tmem44
Men1,Tmod1
Men1,Tmtc1
Men1,Tor1aip2
Men1,Tox2
Men1,Tub
Men1,Unc13b
Men1,Vwa5b2
Men1,Wdtc1
Men1,Ypel1
Men1,Zfp362
Men1,Zfp82
Mkl1,1810044D09Rik
Mkl1,Ermard
Mkl1,Ighmbp2
Mkl1,Mkrn3
Mkl1,Mxi1
Mkl1,Rnft2
Mkl2,Acta2
Mxi1,1110019D14Rik
Mxi1,1110032A03Rik
Mxi1,1190007I07Rik
Mxi1,1300002E11Rik
Mxi1,1700037C18Rik
Mxi1,1700056E22Rik
Mxi1,1810044D09Rik
Mxi1,2310043O21Rik
Mxi1,4430402I18Rik
Mxi1,4732491K20Rik
Mxi1,4833418N02Rik
Mxi1,4930558K02Rik
Mxi1,4930578M01Rik
Mxi1,4930589L23Rik
Mxi1,4933405D12Rik
Mxi1,4933433G15Rik
Mxi1,5430416N02Rik
Mxi1,9130019O22Rik
Mxi1,9430038I01Rik
Mxi1,A830005F24Rik
Mxi1,AA386476
Mxi1,Abhd11
Mxi1,Acad12
Mxi1,Acads
Mxi1,Acly
Mxi1,Acsl4
Mxi1,Adam12
Mxi1,Adam9
Mxi1,Alcam
Mxi1,Aldh1l2
Mxi1,Ammecr1l
Mxi1,Ank2
Mxi1,Ank3
Mxi1,Ankrd42
Mxi1,Anln
Mxi1,Ap5b1
Mxi1,Apeh
Mxi1,Aph1a
Mxi1,Apobec1
Mxi1,Arhgap24
Mxi1,Arl4a
Mxi1,Arrdc3
Mxi1,Ass1
Mxi1,Atad2
Mxi1,Atf3
Mxi1,Atp13a2
Mxi1,Atp5h
Mxi1,B4galt2
Mxi1,BC031181
Mxi1,Bbs10
Mxi1,Bcdin3d
Mxi1,Bcl10
Mxi1,Bdnf
Mxi1,Begain
Mxi1,Brd4
Mxi1,Brpf3
Mxi1,Btbd2
Mxi1,Camta1
Mxi1,Car7
Mxi1,Casc1
Mxi1,Ccbe1
Mxi1,Ccdc122
Mxi1,Ccdc136
Mxi1,Ccdc71
Mxi1,Cda
Mxi1,Cdc42ep4
Mxi1,Cdh2
Mxi1,Cdk5rap3
Mxi1,Cdk8
Mxi1,Cdk9
Mxi1,Cdkl3
Mxi1,Cenpe
Mxi1,Chchd5
Mxi1,Chchd6
Mxi1,Chid1
Mxi1,Chka
Mxi1,Chpf2
Mxi1,Chst3
Mxi1,Clasrp
Mxi1,Clock
Mxi1,Cnksr1
Mxi1,Coa4
Mxi1,Coasy
Mxi1,Col4a5
Mxi1,Col6a3
Mxi1,Col8a1
Mxi1,Colec12
Mxi1,Coro2a
Mxi1,Cp
Mxi1,Crim1
Mxi1,Csf1
Mxi1,Csgalnact1
Mxi1,Cstf1
Mxi1,Ctcf
Mxi1,Cyba
Mxi1,Cyp51
Mxi1,D11Wsu47e
Mxi1,D8Ertd738e
Mxi1,D930032P07Rik
Mxi1,Daam2
Mxi1,Dand5
Mxi1,Dapk3
Mxi1,Dbp
Mxi1,Dclk1
Mxi1,Dcp1b
Mxi1,Dctpp1
Mxi1,Depdc7
Mxi1,Dhrs13
Mxi1,Dhx40
Mxi1,Dip2c
Mxi1,Dnajb5
Mxi1,Dock8
Mxi1,Dok4
Mxi1,Dpf3
Mxi1,Dph2
Mxi1,Dpp9
Mxi1,Dsn1
Mxi1,Dync2li1
Mxi1,Dyrk3
Mxi1,E430018J23Rik
Mxi1,Edil3
Mxi1,Efemp1
Mxi1,Efna5
Mxi1,Egr2
Mxi1,Elk1
Mxi1,Elk4
Mxi1,Emp1
Mxi1,Endov
Mxi1,Eno4
Mxi1,Epm2a
Mxi1,Ermard
Mxi1,Evi5l
Mxi1,Faah
Mxi1,Fam161b
Mxi1,Fam53b
Mxi1,Fam98c
Mxi1,Fancg
Mxi1,Fastkd3
Mxi1,Fbxo31
Mxi1,Fbxo6
Mxi1,Fbxw5
Mxi1,Fgfr1
Mxi1,Ficd
Mxi1,Fkrp
Mxi1,Flcn
Mxi1,Fmnl2
Mxi1,Fndc4
Mxi1,Fos
Mxi1,Foxj2
Mxi1,Fv1
Mxi1,Gdpd5
Mxi1,Ghr
Mxi1,Gli2
Mxi1,Glipr1l1
Mxi1,Gm10778
Mxi1,Gm26885
Mxi1,Gm29642
Mxi1,Gm6712
Mxi1,Gng8
Mxi1,Gpr146
Mxi1,Gpr180
Mxi1,Gps1
Mxi1,Grem2
Mxi1,Hcn3
Mxi1,Hdac1
Mxi1,Hdac2
Mxi1,Hgf
Mxi1,Hint3
Mxi1,Hmgcs1
Mxi1,Hmox1
Mxi1,Hs6st2
Mxi1,Hsp90b1
Mxi1,Hspa12a
Mxi1,Hspa4l
Mxi1,Hspa5
Mxi1,Htra2
Mxi1,Ifi30
Mxi1,Ifngr2
Mxi1,Ifrd1
Mxi1,Ift172
Mxi1,Ighmbp2
Mxi1,Il1rl1
Mxi1,Immp2l
Mxi1,Inca1
Mxi1,Inpp5k
Mxi1,Ints1
Mxi1,Itga9
Mxi1,Itpk1
Mxi1,Izumo4
Mxi1,Jpx
Mxi1,Kcnab2
Mxi1,Kctd6
Mxi1,Kif20b
Mxi1,Kif26b
Mxi1,Kitl
Mxi1,L3mbtl3
Mxi1,Lars2
Mxi1,Lif
Mxi1,Limd2
Mxi1,Lipt1
Mxi1,Lipt2
Mxi1,Llgl1
Mxi1,Lmbr1l
Mxi1,Lox
Mxi1,Lpin1
Mxi1,Lrrc27
Mxi1,Ltbp1
Mxi1,Lypla2
Mxi1,Lysmd2
Mxi1,Lyz2
Mxi1,Mafk
Mxi1,Maml3
Mxi1,Map4k1
Mxi1,Maz
Mxi1,Mbd2
Mxi1,Mcrs1
Mxi1,Mdm2
Mxi1,Meig1
Mxi1,Men1
Mxi1,Mfsd2a
Mxi1,Mif4gd
Mxi1,Mki67
Mxi1,Mmp11
Mxi1,Mogs
Mxi1,Morn1
Mxi1,Mroh8
Mxi1,Mrps12
Mxi1,Mrps33
Mxi1,Mterf1b
Mxi1,Mtg2
Mxi1,Mttp
Mxi1,Mtx1
Mxi1,Mvp
Mxi1,Mxd4
Mxi1,Mxi1
Mxi1,Myo10
Mxi1,Naglu
Mxi1,Naip5
Mxi1,Negr1
Mxi1,Neu3
Mxi1,Nme4
Mxi1,Nol12
Mxi1,Npdc1
Mxi1,Nptxr
Mxi1,Nrde2
Mxi1,Nrep
Mxi1,Nrg1
Mxi1,Opn3
Mxi1,Osbpl10
Mxi1,Ostm1
Mxi1,Pag1
Mxi1,Pak3
Mxi1,Pam
Mxi1,Pdcd4
Mxi1,Pdgfrb
Mxi1,Pdlim1
Mxi1,Pdzrn3
Mxi1,Peg3
Mxi1,Peli2
Mxi1,Per3
Mxi1,Pfkfb2
Mxi1,Pgpep1
Mxi1,Pik3cd
Mxi1,Pkig
Mxi1,Plcb1
Mxi1,Pola1
Mxi1,Pold4
Mxi1,Poli
Mxi1,Polrmt
Mxi1,Ppargc1a
Mxi1,Ppp1r15a
Mxi1,Preb
Mxi1,Prkab1
Mxi1,Prkcd
Mxi1,Psen2
Mxi1,Psmb10
Mxi1,Ptchd4
Mxi1,Ptges3l
Mxi1,Ptgs2
Mxi1,Ptn
Mxi1,Ptprk
Mxi1,Ptprm
Mxi1,Rab27b
Mxi1,Rab34
Mxi1,Rab36
Mxi1,Rab3a
Mxi1,Rab3d
Mxi1,Rad51d
Mxi1,Ramp2
Mxi1,Rapgefl1
Mxi1,Rasl11b
Mxi1,Rbbp4
Mxi1,Rcan1
Mxi1,Rerg
Mxi1,Rnd2
Mxi1,Rnf8
Mxi1,Rnft2
Mxi1,Ror1
Mxi1,Rps6kb2
Mxi1,Rras
Mxi1,Rtp4
Mxi1,Rusc1
Mxi1,Rxrb
Mxi1,Scd2
Mxi1,Scml2
Mxi1,Sdc3
Mxi1,Sdhaf1
Mxi1,Selp
Mxi1,Sema3a
Mxi1,Sema5a
Mxi1,Sema6c
Mxi1,Sema7a
Mxi1,Serpine1
Mxi1,Sertad3
Mxi1,Setd1a
Mxi1,Sgsh
Mxi1,Sh2b2
Mxi1,Sirt7
Mxi1,Slc16a10
Mxi1,Slc22a4
Mxi1,Slc25a10
Mxi1,Slc25a35
Mxi1,Slc2a13
Mxi1,Slc37a4
Mxi1,Slc46a3
Mxi1,Slc4a11
Mxi1,Slc7a11
Mxi1,Smarcd3
Mxi1,Smc1a
Mxi1,Smim5
Mxi1,Snrpd2
Mxi1,Sox4
Mxi1,Spire2
Mxi1,Spryd3
Mxi1,Srf
Mxi1,St6gal1
Mxi1,Stox1
Mxi1,Synm
Mxi1,Taf13
Mxi1,Taf1c
Mxi1,Tanc2
Mxi1,Tceanc2
Mxi1,Tesk1
Mxi1,Tgm2
Mxi1,Thap7
Mxi1,Thbs2
Mxi1,Thsd7a
Mxi1,Tirap
Mxi1,Tmem106c
Mxi1,Tmem116
Mxi1,Tmem189
Mxi1,Tmem201
Mxi1,Tmem67
Mxi1,Tnc
Mxi1,Tnfaip8l1
Mxi1,Tnfrsf22
Mxi1,Tnip2
Mxi1,Tomm40l
Mxi1,Top2a
Mxi1,Tor1aip2
Mxi1,Trappc2
Mxi1,Triqk
Mxi1,Trp53inp1
Mxi1,Trpm4
Mxi1,Tspan17
Mxi1,Tspan33
Mxi1,Tspo
Mxi1,Ttc25
Mxi1,Tusc2
Mxi1,Twf2
Mxi1,Txnip
Mxi1,Vamp1
Mxi1,Vps72
Mxi1,Wdr83os
Mxi1,Wfs1
Mxi1,Wwox
Mxi1,Xdh
Mxi1,Ypel1
Mxi1,Ypel3
Mxi1,Zbtb18
Mxi1,Zc3h7a
Mxi1,Zdhhc7
Mxi1,Zeb1
Mxi1,Zeb2
Mxi1,Zer1
Mxi1,Zfp109
Mxi1,Zfp287
Mxi1,Zfp30
Mxi1,Zfp362
Mxi1,Zfp384
Mxi1,Zfp46
Mxi1,Zfp551
Mxi1,Zfp558
Mxi1,Zfp617
Mxi1,Zfp619
Mxi1,Zfp668
Mxi1,Zfp677
Mxi1,Zfp707
Mxi1,Zfp874b
Mxi1,Zfp90
Mxi1,Zfp94
Mxi1,Zfpm1
Mxi1,Zkscan6
Mxi1,Zpbp
Mxi1,Zpr1
Phf8,1110019D14Rik
Phf8,1110032A03Rik
Phf8,1190007I07Rik
Phf8,1700056E22Rik
Phf8,1700096K18Rik
Phf8,1810062G17Rik
Phf8,2510002D24Rik
Phf8,4430402I18Rik
Phf8,4732491K20Rik
Phf8,4833418N02Rik
Phf8,4930467K11Rik
Phf8,4930578M01Rik
Phf8,4933405D12Rik
Phf8,4933433G15Rik
Phf8,A430046D13Rik
Phf8,Abhd11
Phf8,Acads
Phf8,Adamts5
Phf8,Ap5b1
Phf8,Aph1a
Phf8,Aqp11
Phf8,Arl4a
Phf8,Arrb1
Phf8,Arrdc3
Phf8,Atad2
Phf8,Atg10
Phf8,Atp13a2
Phf8,Atp5h
Phf8,Atp6v0c
Phf8,B4galt2
Phf8,BC031181
Phf8,Bahd1
Phf8,Begain
Phf8,Bnc2
Phf8,Brpf3
Phf8,Cacna1c
Phf8,Camta1
Phf8,Car7
Phf8,Ccbe1
Phf8,Ccdc122
Phf8,Ccdc136
Phf8,Ccdc71
Phf8,Cdc42ep4
Phf8,Cdk5rap3
Phf8,Cdk8
Phf8,Cdk9
Phf8,Cenpe
Phf8,Cenpf
Phf8,Chd4
Phf8,Chid1
Phf8,Chpf2
Phf8,Clasrp
Phf8,Clock
Phf8,Cltc
Phf8,Cmtr1
Phf8,Coa4
Phf8,Cped1
Phf8,Cpt2
Phf8,Crim1
Phf8,Csf1
Phf8,Csgalnact1
Phf8,Cyp51
Phf8,D8Ertd738e
Phf8,Dand5
Phf8,Dapk3
Phf8,Dcakd
Phf8,Dctpp1
Phf8,Dip2c
Phf8,Dnajb5
Phf8,Dock8
Phf8,Dph2
Phf8,Dph7
Phf8,Dpp9
Phf8,Dsn1
Phf8,Dyrk3
Phf8,Edil3
Phf8,Efemp1
Phf8,Egr1
Phf8,Elk1
Phf8,Elk3
Phf8,Elk4
Phf8,Endov
Phf8,Epm2a
Phf8,Ermard
Phf8,Fam53b
Phf8,Fastkd3
Phf8,Fbxo6
Phf8,Fkrp
Phf8,Fmnl2
Phf8,Fnip2
Phf8,Fos
Phf8,Foxj2
Phf8,Ghr
Phf8,Gli2
Phf8,Glis3
Phf8,Gng11
Phf8,Gpr180
Phf8,Gps1
Phf8,Hcn3
Phf8,Hhipl1
Phf8,Hsp90b1
Phf8,Hspa12a
Phf8,Hspa4l
Phf8,Ifi30
Phf8,Ifrd1
Phf8,Ift172
Phf8,Ighmbp2
Phf8,Il17rd
Phf8,Immp2l
Phf8,Ints1
Phf8,Itpk1
Phf8,Kif20b
Phf8,Kitl
Phf8,Lif
Phf8,Limd2
Phf8,Lipt1
Phf8,Lipt2
Phf8,Lpin1
Phf8,Lrrc27
Phf8,Lypla2
Phf8,Lysmd2
Phf8,Matn2
Phf8,Maz
Phf8,Mbd2
Phf8,Mcrs1
Phf8,Mcur1
Phf8,Mdm2
Phf8,Mfsd9
Phf8,Mgrn1
Phf8,Mia2
Phf8,Mif4gd
Phf8,Mki67
Phf8,Mkrn3
Phf8,Mmp11
Phf8,Mogs
Phf8,Mpg
Phf8,Mroh8
Phf8,Mrpl12
Phf8,Mrpl41
Phf8,Mrps33
Phf8,Mterf1b
Phf8,Mtg2
Phf8,Mtx1
Phf8,Mxi1
Phf8,Myo1d
Phf8,Naglu
Phf8,Negr1
Phf8,Nme4
Phf8,Nol12
Phf8,Nptxr
Phf8,Nrde2
Phf8,Opn3
Phf8,Osbpl10
Phf8,Pak3
Phf8,Pam
Phf8,Pdzrn3
Phf8,Peli2
Phf8,Phf8
Phf8,Pik3cd
Phf8,Pkig
Phf8,Plcb1
Phf8,Plekha2
Phf8,Poli
Phf8,Polrmt
Phf8,Ppp1r15a
Phf8,Ppp3ca
Phf8,Preb
Phf8,Prkab1
Phf8,Prkcd
Phf8,Psmb5
Phf8,Pstk
Phf8,Ptges3l
Phf8,Ptgs2
Phf8,Ptprk
Phf8,Pus7l
Phf8,Rab34
Phf8,Rab3a
Phf8,Rasl11b
Phf8,Rbbp4
Phf8,Rcan1
Phf8,Rif1
Phf8,Rnf8
Phf8,Rnft2
Phf8,Rnls
Phf8,Ror1
Phf8,Rxrb
Phf8,Sdhaf1
Phf8,Sema5a
Phf8,Sertad3
Phf8,Setd1a
Phf8,Sgsh
Phf8,Sirt7
Phf8,Slc16a10
Phf8,Slc25a10
Phf8,Slc2a13
Phf8,Slc35b2
Phf8,Slc37a4
Phf8,Smarcd3
Phf8,Smc1a
Phf8,Smim12
Phf8,Snrpd2
Phf8,Spryd3
Phf8,Sspn
Phf8,Styxl1
Phf8,Syne1
Phf8,Taf13
Phf8,Taf1c
Phf8,Tanc2
Phf8,Tbp
Phf8,Tceanc2
Phf8,Tex261
Phf8,Tgm2
Phf8,Thap7
Phf8,Thsd7a
Phf8,Tirap
Phf8,Tmem106c
Phf8,Tmem116
Phf8,Tmem189
Phf8,Tmem201
Phf8,Tmem44
Phf8,Tnc
Phf8,Tnfrsf22
Phf8,Top2a
Phf8,Tor1aip2
Phf8,Trappc2
Phf8,Trim36
Phf8,Trmt61a
Phf8,Trpm4
Phf8,Ttc25
Phf8,Tusc2
Phf8,Ubxn11
Phf8,Ucp2
Phf8,Unc5b
Phf8,Vps72
Phf8,Wrap73
Phf8,Wwox
Phf8,Yipf2
Phf8,Ypel3
Phf8,Zbtb18
Phf8,Zc3h7a
Phf8,Zdhhc7
Phf8,Zeb2
Phf8,Zer1
Phf8,Zfp13
Phf8,Zfp384
Phf8,Zfp558
Phf8,Zfp579
Phf8,Zfp617
Phf8,Zfp619
Phf8,Zfp707
Phf8,Zfp90
Phf8,Zfp94
Phf8,Zfp960
Phf8,Zkscan6
Phf8,Zpbp
Rbbp4,4930558K02Rik
Rbbp4,Atad2
Rbbp4,Cenpe
Rbbp4,Cltc
Rbbp4,Dhrs13
Rbbp4,Kif20b
Rbbp4,Mrps33
Rbbp4,Ptgs2
Rbbp4,Ptpn13
Rbbp4,Rcan1
Rbbp4,Slc46a3
Rbbp4,Top2a
Setd1a,1110032A03Rik
Setd1a,1700096K18Rik
Setd1a,4833418N02Rik
Setd1a,9430038I01Rik
Setd1a,A930007I19Rik
Setd1a,AA386476
Setd1a,Abhd11
Setd1a,Acad12
Setd1a,Acads
Setd1a,Acly
Setd1a,Apeh
Setd1a,Arl4a
Setd1a,Atp13a2
Setd1a,Bbs10
Setd1a,Bcl10
Setd1a,Brd4
Setd1a,Brpf3
Setd1a,Btbd2
Setd1a,Ccdc136
Setd1a,Ccdc71
Setd1a,Cdk5rap3
Setd1a,Cdk8
Setd1a,Cdk9
Setd1a,Cenpf
Setd1a,Chchd6
Setd1a,Clasrp
Setd1a,Cltc
Setd1a,Cmtr1
Setd1a,Cpt2
Setd1a,Csgalnact1
Setd1a,Cstf1
Setd1a,D11Wsu47e
Setd1a,Dand5
Setd1a,Dapk3
Setd1a,Dcakd
Setd1a,Dhrs13
Setd1a,Dhx40
Setd1a,Elk4
Setd1a,Endov
Setd1a,Ermard
Setd1a,Fastkd3
Setd1a,Fbxo31
Setd1a,Fkrp
Setd1a,Flcn
Setd1a,Foxj2
Setd1a,Ghr
Setd1a,Glis3
Setd1a,Gps1
Setd1a,Hint3
Setd1a,Hmgcs1
Setd1a,Hmox1
Setd1a,Hspa4l
Setd1a,Htra2
Setd1a,Ifngr2
Setd1a,Ighmbp2
Setd1a,Il17rd
Setd1a,Immp2l
Setd1a,Kif20b
Setd1a,Lars2
Setd1a,Llgl1
Setd1a,Mad2l2
Setd1a,Mafk
Setd1a,Mapkapk5
Setd1a,Matn2
Setd1a,Mcrs1
Setd1a,Mcur1
Setd1a,Mdm2
Setd1a,Mif4gd
Setd1a,Mmachc
Setd1a,Mogat2
Setd1a,Mogs
Setd1a,Morn1
Setd1a,Mpz
Setd1a,Mrpl12
Setd1a,Mrpl41
Setd1a,Mtg2
Setd1a,Mtx1
Setd1a,Naglu
Setd1a,Nrde2
Setd1a,Pam
Setd1a,Pam16
Setd1a,Pdcd4
Setd1a,Polrmt
Setd1a,Prkcd
Setd1a,Psen2
Setd1a,Psmb5
Setd1a,Pstk
Setd1a,Ptges3l
Setd1a,Pus7l
Setd1a,Rapgefl1
Setd1a,Rps6kb2
Setd1a,Rxrb
Setd1a,Sdhaf1
Setd1a,Sgsh
Setd1a,Sirt7
Setd1a,Slc16a10
Setd1a,Slc25a10
Setd1a,Slc2a13
Setd1a,Slc37a4
Setd1a,Smc4
Setd1a,Smim12
Setd1a,Spire2
Setd1a,Spryd3
Setd1a,Styxl1
Setd1a,Taf13
Setd1a,Tbp
Setd1a,Tex261
Setd1a,Thap7
Setd1a,Tirap
Setd1a,Tmco6
Setd1a,Tmem116
Setd1a,Tmem161a
Setd1a,Tmem67
Setd1a,Tomm70a
Setd1a,Tor1aip2
Setd1a,Tspan17
Setd1a,Ttc25
Setd1a,Wrap73
Setd1a,Ypel1
Setd1a,Zer1
Setd1a,Zfp384
Setd1a,Zfp617
Setd1a,Zfp90
Setd1a,Zkscan6
Smc1a,1110019D14Rik
Smc1a,1110032A03Rik
Smc1a,1190007I07Rik
Smc1a,1300002E11Rik
Smc1a,1700037C18Rik
Smc1a,1700056E22Rik
Smc1a,1700095J07Rik
Smc1a,1810044D09Rik
Smc1a,1810062G17Rik
Smc1a,2510002D24Rik
Smc1a,2510009E07Rik
Smc1a,4732491K20Rik
Smc1a,4833418N02Rik
Smc1a,4930558K02Rik
Smc1a,4930578M01Rik
Smc1a,4930589L23Rik
Smc1a,4931440J10Rik
Smc1a,4933405D12Rik
Smc1a,4933430I17Rik
Smc1a,4933433G15Rik
Smc1a,A630001G21Rik
Smc1a,A830005F24Rik
Smc1a,AA543186
Smc1a,AI429214
Smc1a,Abhd11
Smc1a,Abhd14b
Smc1a,Acads
Smc1a,Acly
Smc1a,Acsl4
Smc1a,Acta2
Smc1a,Acvr1c
Smc1a,Adam12
Smc1a,Adamts5
Smc1a,Aff3
Smc1a,Agtrap
Smc1a,Ak8
Smc1a,Ak9
Smc1a,Aldh3b1
Smc1a,Ammecr1l
Smc1a,Ank3
Smc1a,Ankrd42
Smc1a,Ano3
Smc1a,Apeh
Smc1a,Apln
Smc1a,Aqp11
Smc1a,Arhgap24
Smc1a,Arhgap6
Smc1a,Arhgef4
Smc1a,Arl4a
Smc1a,Arntl
Smc1a,Arrdc3
Smc1a,Atad2
Smc1a,Atg10
Smc1a,Atp6v0e2
Smc1a,B4galt2
Smc1a,BC031181
Smc1a,Bahd1
Smc1a,Bbs10
Smc1a,Bcdin3d
Smc1a,Bcl10
Smc1a,Bdnf
Smc1a,Brinp1
Smc1a,Brpf3
Smc1a,C1s1
Smc1a,Car7
Smc1a,Casc1
Smc1a,Casp4
Smc1a,Catip
Smc1a,Ccbe1
Smc1a,Ccdc122
Smc1a,Ccdc136
Smc1a,Ccdc71
Smc1a,Cda
Smc1a,Cdc42ep4
Smc1a,Cdh18
Smc1a,Cdk5rap3
Smc1a,Cdk8
Smc1a,Cdkl3
Smc1a,Cenpe
Smc1a,Cerk
Smc1a,Chac2
Smc1a,Chchd5
Smc1a,Chid1
Smc1a,Chka
Smc1a,Chpf2
Smc1a,Chrdl2
Smc1a,Clasrp
Smc1a,Clock
Smc1a,Cltc
Smc1a,Cmtr1
Smc1a,Cnih2
Smc1a,Coa4
Smc1a,Coasy
Smc1a,Col4a5
Smc1a,Col5a2
Smc1a,Cpt2
Smc1a,Csf1
Smc1a,Csgalnact1
Smc1a,Cstf1
Smc1a,Ctcf
Smc1a,D8Ertd738e
Smc1a,D930032P07Rik
Smc1a,Daam2
Smc1a,Dand5
Smc1a,Dapk1
Smc1a,Dcakd
Smc1a,Dclk1
Smc1a,Def6
Smc1a,Dhrs13
Smc1a,Dhx40
Smc1a,Dip2c
Smc1a,Dock8
Smc1a,Dph2
Smc1a,Dph7
Smc1a,Dpp9
Smc1a,Dsn1
Smc1a,Dync2li1
Smc1a,Dyrk3
Smc1a,Edil3
Smc1a,Efnb1
Smc1a,Egfr
Smc1a,Egr2
Smc1a,Elk3
Smc1a,Emp1
Smc1a,Endov
Smc1a,Eno4
Smc1a,Epm2a
Smc1a,Exoc4
Smc1a,Fam228b
Smc1a,Fbxo6
Smc1a,Fcrlb
Smc1a,Fgfr1
Smc1a,Fiz1
Smc1a,Galnt13
Smc1a,Galnt2
Smc1a,Gdpd5
Smc1a,Ghdc
Smc1a,Ghr
Smc1a,Gle1
Smc1a,Gli2
Smc1a,Glipr1l1
Smc1a,Glis3
Smc1a,Gm10778
Smc1a,Gm16863
Smc1a,Gm17597
Smc1a,Gm2716
Smc1a,Gm6712
Smc1a,Gng8
Smc1a,Gpr146
Smc1a,Gpr149
Smc1a,Gpr180
Smc1a,Gps1
Smc1a,Grem2
Smc1a,Grpr
Smc1a,Hdac1
Smc1a,Hdac9
Smc1a,Hgf
Smc1a,Hint3
Smc1a,Hmox1
Smc1a,Hs6st2
Smc1a,Hsp90b1
Smc1a,Hspa4l
Smc1a,Hspa5
Smc1a,Htra2
Smc1a,Id4
Smc1a,Ifrd1
Smc1a,Ighmbp2
Smc1a,Igsf10
Smc1a,Il13ra1
Smc1a,Immp2l
Smc1a,Inca1
Smc1a,Inpp5k
Smc1a,Ints1
Smc1a,Itga8
Smc1a,Itgb3
Smc1a,Kcnk13
Smc1a,Kctd6
Smc1a,Lars2
Smc1a,Lef1
Smc1a,Lgals9
Smc1a,Lif
Smc1a,Limd2
Smc1a,Lipt1
Smc1a,Lmbr1l
Smc1a,Lox
Smc1a,Lpin1
Smc1a,Lrrc17
Smc1a,Ltbp1
Smc1a,Lypla2
Smc1a,Lysmd2
Smc1a,Mafk
Smc1a,Magi1
Smc1a,Map4k1
Smc1a,Matn2
Smc1a,Mbd2
Smc1a,Mcur1
Smc1a,Mdm2
Smc1a,Mef2c
Smc1a,Men1
Smc1a,Mfsd9
Smc1a,Mgrn1
Smc1a,Mia2
Smc1a,Mid1
Smc1a,Mif4gd
Smc1a,Mmp11
Smc1a,Mogs
Smc1a,Mospd1
Smc1a,Mpz
Smc1a,Mrpl12
Smc1a,Mrpl41
Smc1a,Mrps33
Smc1a,Mtg2
Smc1a,Mthfd1l
Smc1a,Mtnr1a
Smc1a,Mttp
Smc1a,Mxd4
Smc1a,Mxi1
Smc1a,Mylk
Smc1a,Myo1d
Smc1a,Myo7a
Smc1a,Naglu
Smc1a,Naip2
Smc1a,Naip5
Smc1a,Nckap5
Smc1a,Neu3
Smc1a,Nmnat2
Smc1a,Nrde2
Smc1a,Nrep
Smc1a,Nrg1
Smc1a,Nudt7
Smc1a,Olfm1
Smc1a,Opn3
Smc1a,Pag1
Smc1a,Pak3
Smc1a,Pam
Smc1a,Pam16
Smc1a,Pcdha9
Smc1a,Pcdhb12
Smc1a,Pcdhb4
Smc1a,Pcdhb5
Smc1a,Pcyt1b
Smc1a,Pdcd4
Smc1a,Pde2a
Smc1a,Pdgfrb
Smc1a,Peg3
Smc1a,Per3
Smc1a,Pgpep1
Smc1a,Phf11d
Smc1a,Phf8
Smc1a,Pik3cd
Smc1a,Pkig
Smc1a,Plcb1
Smc1a,Plekha2
Smc1a,Polrmt
Smc1a,Ppp1r15a
Smc1a,Ppp3ca
Smc1a,Preb
Smc1a,Prkab1
Smc1a,Prss41
Smc1a,Psen2
Smc1a,Psmb10
Smc1a,Psmg4
Smc1a,Pstk
Smc1a,Ptchd4
Smc1a,Ptges3l
Smc1a,Ptn
Smc1a,Ptpn13
Smc1a,Ptprk
Smc1a,Ptprm
Smc1a,Pus7l
Smc1a,Rab27b
Smc1a,Rab34
Smc1a,Rab36
Smc1a,Rab3d
Smc1a,Rad51d
Smc1a,Ramp2
Smc1a,Rapgefl1
Smc1a,Rasgrp2
Smc1a,Rassf7
Smc1a,Rbbp4
Smc1a,Rerg
Smc1a,Rif1
Smc1a,Rnasel
Smc1a,Rnf150
Smc1a,Rnf8
Smc1a,Rnft2
Smc1a,Ror1
Smc1a,Rora
Smc1a,Rras
Smc1a,Samd9l
Smc1a,Sardh
Smc1a,Sarm1
Smc1a,Scd2
Smc1a,Scn3a
Smc1a,Sdhaf1
Smc1a,Sema3a
Smc1a,Sema5a
Smc1a,Sema6c
Smc1a,Setd1a
Smc1a,Sgsh
Smc1a,Sirt7
Smc1a,Slc16a10
Smc1a,Slc25a10
Smc1a,Slc2a13
Smc1a,Slc35b2
Smc1a,Slc37a4
Smc1a,Slc46a3
Smc1a,Slc7a11
Smc1a,Slit3
Smc1a,Smim12
Smc1a,Snai1
Smc1a,Snrpd2
Smc1a,Sorbs3
Smc1a,Spryd3
Smc1a,Srf
Smc1a,Sspn
Smc1a,St6gal1
Smc1a,Styxl1
Smc1a,Sulf2
Smc1a,Syne1
Smc1a,Synm
Smc1a,Taf1c
Smc1a,Tbp
Smc1a,Tceanc2
Smc1a,Tenm4
Smc1a,Tesk1
Smc1a,Tex261
Smc1a,Tgm2
Smc1a,Thap7
Smc1a,Thbs2
Smc1a,Thra
Smc1a,Thsd7a
Smc1a,Tigd3
Smc1a,Tirap
Smc1a,Tlr2
Smc1a,Tmem106c
Smc1a,Tmem116
Smc1a,Tmem161a
Smc1a,Tmem189
Smc1a,Tmem201
Smc1a,Tmem38b
Smc1a,Tmem44
Smc1a,Tmem45a
Smc1a,Tmem67
Smc1a,Tmem82
Smc1a,Tnc
Smc1a,Tnik
Smc1a,Tnip2
Smc1a,Tor1aip2
Smc1a,Trappc2
Smc1a,Trem2
Smc1a,Trmt61a
Smc1a,Trpm3
Smc1a,Trpm4
Smc1a,Trps1
Smc1a,Tspan11
Smc1a,Tspan17
Smc1a,Ttc25
Smc1a,Ttll6
Smc1a,Twf2
Smc1a,Txnip
Smc1a,Ubxn11
Smc1a,Ugt1a7c
Smc1a,Unc5b
Smc1a,Vamp1
Smc1a,Vcan
Smc1a,Wdr38
Smc1a,Xdh
Smc1a,Xkr8
Smc1a,Ypel1
Smc1a,Zc3h7a
Smc1a,Zdhhc7
Smc1a,Zeb1
Smc1a,Zeb2
Smc1a,Zer1
Smc1a,Zfp109
Smc1a,Zfp14
Smc1a,Zfp30
Smc1a,Zfp354b
Smc1a,Zfp362
Smc1a,Zfp551
Smc1a,Zfp558
Smc1a,Zfp579
Smc1a,Zfp617
Smc1a,Zfp619
Smc1a,Zfp707
Smc1a,Zfp82
Smc1a,Zfp874b
Smc1a,Zfp960
Smc1a,Zfpm1
Smc1a,Zfpm2
Smc1a,Zpr1
Srf,Acta2
Srf,Egr1
Srf,Egr2
Srf,Gm1720
Srf,Srf
Srf,Tstd3
Tbp,1110019D14Rik
Tbp,1110032A03Rik
Tbp,1190007I07Rik
Tbp,1300002E11Rik
Tbp,1700037C18Rik
Tbp,1700056E22Rik
Tbp,1700096K18Rik
Tbp,1810044D09Rik
Tbp,1810062G17Rik
Tbp,2310043O21Rik
Tbp,2510002D24Rik
Tbp,2810433D01Rik
Tbp,4430402I18Rik
Tbp,4732491K20Rik
Tbp,4833418N02Rik
Tbp,4930558K02Rik
Tbp,4930578M01Rik
Tbp,4930589L23Rik
Tbp,4933405D12Rik
Tbp,4933430I17Rik
Tbp,4933433G15Rik
Tbp,5430416N02Rik
Tbp,9130019O22Rik
Tbp,9430038I01Rik
Tbp,A430046D13Rik
Tbp,A830005F24Rik
Tbp,A930007I19Rik
Tbp,AA386476
Tbp,Abhd11
Tbp,Abhd14b
Tbp,Abhd3
Tbp,Acad12
Tbp,Acads
Tbp,Acly
Tbp,Acsl4
Tbp,Acta2
Tbp,Adam12
Tbp,Adam23
Tbp,Adam9
Tbp,Adamts5
Tbp,Agpat2
Tbp,Agtrap
Tbp,Ak8
Tbp,Alcam
Tbp,Aldh1l2
Tbp,Amer1
Tbp,Ammecr1l
Tbp,Angptl4
Tbp,Ank
Tbp,Ank2
Tbp,Ank3
Tbp,Ankrd42
Tbp,Anln
Tbp,Ap5b1
Tbp,Apeh
Tbp,Aph1a
Tbp,Apln
Tbp,Apobec1
Tbp,Aqp11
Tbp,Arhgap24
Tbp,Arl4a
Tbp,Arntl
Tbp,Arrb1
Tbp,Arrdc3
Tbp,Ass1
Tbp,Atad2
Tbp,Atf3
Tbp,Atg10
Tbp,Atp13a2
Tbp,Atp5h
Tbp,Atp6v0c
Tbp,Atxn1
Tbp,Aurkaip1
Tbp,B4galt2
Tbp,BC031181
Tbp,Bahd1
Tbp,Bbs10
Tbp,Bcdin3d
Tbp,Bcl10
Tbp,Bdnf
Tbp,Begain
Tbp,Bhlhe40
Tbp,Bnc2
Tbp,Brd4
Tbp,Brpf3
Tbp,Btbd2
Tbp,C1s1
Tbp,Cacna1c
Tbp,Car7
Tbp,Casc1
Tbp,Casp4
Tbp,Ccbe1
Tbp,Ccdc122
Tbp,Ccdc136
Tbp,Ccdc71
Tbp,Cda
Tbp,Cdc42ep4
Tbp,Cdh2
Tbp,Cdk5rap3
Tbp,Cdk8
Tbp,Cdk9
Tbp,Cdkl3
Tbp,Cemip
Tbp,Cenpe
Tbp,Cenpf
Tbp,Cerk
Tbp,Chac2
Tbp,Chchd5
Tbp,Chchd6
Tbp,Chd4
Tbp,Chid1
Tbp,Chka
Tbp,Chpf2
Tbp,Clasrp
Tbp,Clock
Tbp,Cltc
Tbp,Cmtr1
Tbp,Cnih2
Tbp,Coa4
Tbp,Coasy
Tbp,Col4a5
Tbp,Col6a3
Tbp,Col8a1
Tbp,Colec12
Tbp,Cp
Tbp,Cped1
Tbp,Cpt2
Tbp,Crim1
Tbp,Crlf1
Tbp,Csf1
Tbp,Csgalnact1
Tbp,Cstf1
Tbp,Ctcf
Tbp,Cyp51
Tbp,D11Wsu47e
Tbp,D8Ertd738e
Tbp,D930032P07Rik
Tbp,Daam2
Tbp,Dand5
Tbp,Dapk3
Tbp,Dcakd
Tbp,Dclk1
Tbp,Dcp1b
Tbp,Dctpp1
Tbp,Dedd2
Tbp,Depdc7
Tbp,Dhrs13
Tbp,Dio2
Tbp,Dip2c
Tbp,Dnajb5
Tbp,Dock8
Tbp,Dok4
Tbp,Dpf3
Tbp,Dph2
Tbp,Dph7
Tbp,Dpp9
Tbp,Dsn1
Tbp,Dync2li1
Tbp,Dyrk3
Tbp,E2f2
Tbp,E430018J23Rik
Tbp,Edil3
Tbp,Efemp1
Tbp,Efnb1
Tbp,Egr1
Tbp,Egr2
Tbp,Elk1
Tbp,Elk3
Tbp,Elk4
Tbp,Emp1
Tbp,Endov
Tbp,Eno4
Tbp,Epm2a
Tbp,Ermard
Tbp,Evi5l
Tbp,Exoc4
Tbp,Faah
Tbp,Fam161b
Tbp,Fam53b
Tbp,Fam98c
Tbp,Fancg
Tbp,Fastkd3
Tbp,Fbxo31
Tbp,Fbxo6
Tbp,Fbxw5
Tbp,Fer
Tbp,Fgfr1
Tbp,Ficd
Tbp,Fiz1
Tbp,Fkrp
Tbp,Flcn
Tbp,Fmn1
Tbp,Fmnl2
Tbp,Fndc4
Tbp,Fnip2
Tbp,Fos
Tbp,Foxa3
Tbp,Foxj2
Tbp,Galnt13
Tbp,Galnt2
Tbp,Gdpd5
Tbp,Ghdc
Tbp,Ghr
Tbp,Gle1
Tbp,Gli2
Tbp,Glis3
Tbp,Gm10778
Tbp,Gm12708
Tbp,Gm17597
Tbp,Gm26721
Tbp,Gm2716
Tbp,Gm29642
Tbp,Gm6712
Tbp,Gng11
Tbp,Gng8
Tbp,Gpr137c
Tbp,Gpr146
Tbp,Gpr149
Tbp,Gpr180
Tbp,Gps1
Tbp,Grem2
Tbp,Hcfc1
Tbp,Hcn3
Tbp,Hdac1
Tbp,Hdac2
Tbp,Hgf
Tbp,Hhipl1
Tbp,Hint3
Tbp,Hmcn1
Tbp,Hmgcs1
Tbp,Hmox1
Tbp,Hs6st2
Tbp,Hsp90b1
Tbp,Hspa12a
Tbp,Hspa4l
Tbp,Hspa5
Tbp,Hspb6
Tbp,Htra2
Tbp,Id4
Tbp,Ifi30
Tbp,Ifngr2
Tbp,Ifrd1
Tbp,Ift172
Tbp,Ift27
Tbp,Ighmbp2
Tbp,Il11ra1
Tbp,Il17rd
Tbp,Il1rl1
Tbp,Immp2l
Tbp,Inca1
Tbp,Inpp5k
Tbp,Ints1
Tbp,Irf7
Tbp,Itga8
Tbp,Itga9
Tbp,Itpk1
Tbp,Izumo4
Tbp,Jarid2
Tbp,Jpx
Tbp,Kcnab2
Tbp,Kcnk10
Tbp,Kcnk13
Tbp,Kctd6
Tbp,Kdm6a
Tbp,Kif20b
Tbp,Kif26b
Tbp,Kirrel3
Tbp,Kitl
Tbp,L3mbtl3
Tbp,Lars2
Tbp,Letm2
Tbp,Lgals9
Tbp,Lif
Tbp,Limd2
Tbp,Lipt1
Tbp,Lipt2
Tbp,Llgl1
Tbp,Lmbr1l
Tbp,Lox
Tbp,Lpin1
Tbp,Lrrc27
Tbp,Ltbp1
Tbp,Lysmd2
Tbp,Mad2l2
Tbp,Mafk
Tbp,Magi1
Tbp,Magi2
Tbp,Maml3
Tbp,Map3k5
Tbp,Map4k1
Tbp,Mapkapk5
Tbp,Matn2
Tbp,Maz
Tbp,Mbd2
Tbp,Mbnl2
Tbp,Mcrs1
Tbp,Mcur1
Tbp,Mdm2
Tbp,Mecom
Tbp,Mef2c
Tbp,Meig1
Tbp,Men1
Tbp,Mfsd2a
Tbp,Mfsd9
Tbp,Mgrn1
Tbp,Mgst2
Tbp,Mgst3
Tbp,Mia2
Tbp,Mif4gd
Tbp,Mki67
Tbp,Mkrn3
Tbp,Mmachc
Tbp,Mmp11
Tbp,Mogs
Tbp,Morn1
Tbp,Mospd1
Tbp,Mpg
Tbp,Mpz
Tbp,Mroh8
Tbp,Mrpl12
Tbp,Mrpl41
Tbp,Mrps12
Tbp,Mrps33
Tbp,Mta1
Tbp,Mterf1b
Tbp,Mtg2
Tbp,Mthfd1l
Tbp,Mttp
Tbp,Mtx1
Tbp,Mul1
Tbp,Mxd4
Tbp,Mxi1
Tbp,Mylk
Tbp,Myo10
Tbp,Myo1d
Tbp,Naglu
Tbp,Naip2
Tbp,Naip5
Tbp,Negr1
Tbp,Neu3
Tbp,Nme4
Tbp,Nol12
Tbp,Npdc1
Tbp,Nptxr
Tbp,Nrde2
Tbp,Nrep
Tbp,Nrg1
Tbp,Nrp1
Tbp,Nudt7
Tbp,Oas2
Tbp,Olfm1
Tbp,Opn3
Tbp,Osbpl10
Tbp,Ostm1
Tbp,Pag1
Tbp,Pak3
Tbp,Pam
Tbp,Pam16
Tbp,Pbx1
Tbp,Pbxip1
Tbp,Pcdh19
Tbp,Pcdh7
Tbp,Pcyt2
Tbp,Pdcd4
Tbp,Pde10a
Tbp,Pdlim1
Tbp,Pdzrn3
Tbp,Peg3
Tbp,Peli2
Tbp,Per3
Tbp,Pex11g
Tbp,Pgpep1
Tbp,Phf8
Tbp,Pigyl
Tbp,Pik3cd
Tbp,Pkig
Tbp,Pkp2
Tbp,Plcb1
Tbp,Plcb4
Tbp,Plxna4
Tbp,Pola1
Tbp,Pold4
Tbp,Poli
Tbp,Polrmt
Tbp,Ppargc1a
Tbp,Ppp1r15a
Tbp,Ppp3ca
Tbp,Prkab1
Tbp,Prkcd
Tbp,Psen2
Tbp,Psmb5
Tbp,Psmg4
Tbp,Pstk
Tbp,Pstpip1
Tbp,Ptchd4
Tbp,Ptges3l
Tbp,Ptgs2
Tbp,Ptpn13
Tbp,Ptprk
Tbp,Ptprm
Tbp,Pus7l
Tbp,Rab27b
Tbp,Rab34
Tbp,Rab3a
Tbp,Rab3d
Tbp,Rad51d
Tbp,Rapgefl1
Tbp,Rasgrp2
Tbp,Rasl11b
Tbp,Rassf7
Tbp,Rbbp4
Tbp,Rbpjl
Tbp,Rcan1
Tbp,Rgs4
Tbp,Rif1
Tbp,Rnf8
Tbp,Rnft2
Tbp,Rnls
Tbp,Rom1
Tbp,Ror1
Tbp,Rps6kb2
Tbp,Rras
Tbp,Rtp4
Tbp,Rusc1
Tbp,Rxrb
Tbp,Samd9l
Tbp,Sardh
Tbp,Sarm1
Tbp,Scd2
Tbp,Sdhaf1
Tbp,Selp
Tbp,Sema3a
Tbp,Sema4c
Tbp,Sema5a
Tbp,Sema6c
Tbp,Sema7a
Tbp,Serinc2
Tbp,Serpine1
Tbp,Sertad3
Tbp,Setd1a
Tbp,Sgsh
Tbp,Sh2b2
Tbp,Sh2d3c
Tbp,Siglec15
Tbp,Sirt7
Tbp,Slc16a10
Tbp,Slc22a4
Tbp,Slc25a10
Tbp,Slc25a35
Tbp,Slc26a11
Tbp,Slc2a13
Tbp,Slc35b2
Tbp,Slc37a4
Tbp,Slc46a1
Tbp,Slc46a3
Tbp,Slc4a11
Tbp,Slc7a11
Tbp,Slfn3
Tbp,Smarcd3
Tbp,Smc1a
Tbp,Smim12
Tbp,Snai1
Tbp,Snap25
Tbp,Snrpd2
Tbp,Snx32
Tbp,Sorbs3
Tbp,Sox4
Tbp,Spag4
Tbp,Spire2
Tbp,Spon2
Tbp,Spp1
Tbp,Spryd3
Tbp,Srf
Tbp,Sspn
Tbp,St6gal1
Tbp,Styxl1
Tbp,Syne1
Tbp,Synm
Tbp,Taf13
Tbp,Taf1c
Tbp,Tanc2
Tbp,Tbp
Tbp,Tceanc2
Tbp,Tcf7l2
Tbp,Tesk1
Tbp,Tex261
Tbp,Tgm2
Tbp,Thap7
Tbp,Thbs1
Tbp,Thbs2
Tbp,Thra
Tbp,Thsd7a
Tbp,Tigd3
Tbp,Tirap
Tbp,Tlr2
Tbp,Tmco6
Tbp,Tmem106c
Tbp,Tmem116
Tbp,Tmem161a
Tbp,Tmem189
Tbp,Tmem201
Tbp,Tmem38b
Tbp,Tmem44
Tbp,Tnc
Tbp,Tnfaip8l1
Tbp,Tnfrsf22
Tbp,Tnip1
Tbp,Tnip2
Tbp,Tomm40l
Tbp,Tomm70a
Tbp,Top2a
Tbp,Tor1aip2
Tbp,Tor3a
Tbp,Tor4a
Tbp,Trappc2
Tbp,Trem2
Tbp,Trim36
Tbp,Triqk
Tbp,Trmt61a
Tbp,Trp53inp1
Tbp,Trpm4
Tbp,Trps1
Tbp,Tspan11
Tbp,Tspan12
Tbp,Tspan17
Tbp,Tspan33
Tbp,Tspo
Tbp,Tstd3
Tbp,Ttc25
Tbp,Ttll6
Tbp,Tusc2
Tbp,Twf2
Tbp,Twist2
Tbp,Txnip
Tbp,Ubxn11
Tbp,Ucp2
Tbp,Ugt1a7c
Tbp,Unc5b
Tbp,Vamp1
Tbp,Vcan
Tbp,Vps72
Tbp,Wdr83os
Tbp,Wfs1
Tbp,Wrap73
Tbp,Wwox
Tbp,Xdh
Tbp,Xkr8
Tbp,Yipf2
Tbp,Ypel1
Tbp,Ypel3
Tbp,Zbtb18
Tbp,Zc3h7a
Tbp,Zdhhc7
Tbp,Zeb1
Tbp,Zeb2
Tbp,Zer1
Tbp,Zfp109
Tbp,Zfp14
Tbp,Zfp143
Tbp,Zfp287
Tbp,Zfp30
Tbp,Zfp354b
Tbp,Zfp362
Tbp,Zfp384
Tbp,Zfp459
Tbp,Zfp46
Tbp,Zfp551
Tbp,Zfp558
Tbp,Zfp579
Tbp,Zfp617
Tbp,Zfp619
Tbp,Zfp668
Tbp,Zfp707
Tbp,Zfp710
Tbp,Zfp82
Tbp,Zfp874b
Tbp,Zfp90
Tbp,Zfp94
Tbp,Zfp960
Tbp,Zfpm1
Tbp,Zfpm2
Tbp,Zkscan6
Tbp,Zpbp
Tbp,Zpr1
Tcf7,1110019D14Rik
Tcf7,1110032A03Rik
Tcf7,1300002E11Rik
Tcf7,2510002D24Rik
Tcf7,4430402I18Rik
Tcf7,4732491K20Rik
Tcf7,4833418N02Rik
Tcf7,4930558K02Rik
Tcf7,4933430I17Rik
Tcf7,Abhd11
Tcf7,Adamts5
Tcf7,Adcy7
Tcf7,Arhgap24
Tcf7,Casp4
Tcf7,Chchd5
Tcf7,Chchd6
Tcf7,Chka
Tcf7,Chpf2
Tcf7,Clasrp
Tcf7,Coa4
Tcf7,Coasy
Tcf7,Col6a3
Tcf7,Colec12
Tcf7,Csf1
Tcf7,Cstf1
Tcf7,Cyp51
Tcf7,Dapk3
Tcf7,Dclk1
Tcf7,Dyrk3
Tcf7,Efemp1
Tcf7,Egr1
Tcf7,Elk4
Tcf7,Endov
Tcf7,Eno4
Tcf7,Epm2a
Tcf7,Ermard
Tcf7,Fam228b
Tcf7,Fam98c
Tcf7,Fgfr1
Tcf7,Foxred1
Tcf7,Gli2
Tcf7,Gm12708
Tcf7,Gm1720
Tcf7,Gm17597
Tcf7,Gm2716
Tcf7,Gpr146
Tcf7,Hmox1
Tcf7,Htra2
Tcf7,Ift27
Tcf7,Ighmbp2
Tcf7,Ints1
Tcf7,Isg20
Tcf7,Jarid2
Tcf7,Kcnab2
Tcf7,Kdm6a
Tcf7,Kif20b
Tcf7,Lipt1
Tcf7,Lipt2
Tcf7,Lmbr1l
Tcf7,Lox
Tcf7,Lpin1
Tcf7,Maged2
Tcf7,Magi1
Tcf7,Mccc2
Tcf7,Men1
Tcf7,Mgst2
Tcf7,Mid1
Tcf7,Mkrn3
Tcf7,Mmachc
Tcf7,Mogs
Tcf7,Mrpl12
Tcf7,Mrps33
Tcf7,Mxd4
Tcf7,Nckap5
Tcf7,Neu3
Tcf7,Nrde2
Tcf7,Per3
Tcf7,Pfkfb2
Tcf7,Pigyl
Tcf7,Pkig
Tcf7,Pola1
Tcf7,Ppp1r15a
Tcf7,Ptchd4
Tcf7,Ptgs2
Tcf7,Rasl11b
Tcf7,Rbbp4
Tcf7,Rnd2
Tcf7,Rnf8
Tcf7,Rsph4a
Tcf7,Sema3a
Tcf7,Slc37a4
Tcf7,Slc7a11
Tcf7,Styxl1
Tcf7,Syne1
Tcf7,Tcf7l2
Tcf7,Tex261
Tcf7,Thap7
Tcf7,Thtpa
Tcf7,Tmem116
Tcf7,Tmem45a
Tcf7,Tmem67
Tcf7,Tnc
Tcf7,Tomm40l
Tcf7,Top2a
Tcf7,Trappc2
Tcf7,Trem2
Tcf7,Ttc25
Tcf7,Vamp1
Tcf7,Vps72
Tcf7,Wfs1
Tcf7,Wwox
Tcf7,Zc3h7a
Tcf7,Zeb2
Tcf7,Zfp143
Tcf7,Zfp354b
Tcf7,Zfp558
Tcf7,Zfp617
Tcf7,Zfp668
Tcf7,Zfp707
Tcf7,Zfp710
Tcf7,Zfp90
Tcf7,Zpr1
Zfp143,1110019D14Rik
Zfp143,A830005F24Rik
Zfp143,Ammecr1l
Zfp143,Chac2
Zfp143,Dpp9
Zfp143,Exoc4
Zfp143,Fbxo47
Zfp143,Fgfr1
Zfp143,Gle1
Zfp143,Htra2
Zfp143,Ighmbp2
Zfp143,Jarid2
Zfp143,Kif20b
Zfp143,Mcrs1
Zfp143,Men1
Zfp143,Mmachc
Zfp143,Mtx1
Zfp143,Mul1
Zfp143,Mxi1
Zfp143,Nrde2
Zfp143,Polrmt
Zfp143,Rxrb
Zfp143,Smc1a
Zfp143,Tceanc2
Zfp143,Thtpa
Zfp143,Tmem161a
Zfp143,Tmem67
Zfp143,Tomm70a
Zfp143,Tor1aip2
Zfp143,Wwox
Zfp143,Zfp14
Zfp143,Zfp143
Zfp143,Zfp354b
Zfp143,Zfp874b
Zfp143,Zfp90
